[32m[2025-10-19 08:08:26,570][INFO][proy01][e.b.p.ProyectoApplication] Starting ProyectoApplication using Java 21.0.8 with PID 236095 (/home/xarrondo/PROYECTOS/proy01-back/target/classes started by xarrondo in /home/xarrondo/PROYECTOS/proy01-back)[0;39m
[32m[2025-10-19 08:08:26,570][INFO][proy01][e.b.p.ProyectoApplication] No active profile set, falling back to 1 default profile: "default"[0;39m
[32m[2025-10-19 08:08:27,025][INFO][proy01][o.s.d.r.c.RepositoryConfigurationDelegate] Bootstrapping Spring Data JPA repositories in DEFAULT mode.[0;39m
[32m[2025-10-19 08:08:27,049][INFO][proy01][o.s.d.r.c.RepositoryConfigurationDelegate] Finished Spring Data repository scanning in 19 ms. Found 1 JPA repository interface.[0;39m
[32m[2025-10-19 08:08:27,288][INFO][proy01][o.s.b.w.e.t.TomcatWebServer] Tomcat initialized with port 8080 (http)[0;39m
[32m[2025-10-19 08:08:27,295][INFO][proy01][o.a.c.c.StandardService] Starting service [Tomcat][0;39m
[32m[2025-10-19 08:08:27,295][INFO][proy01][o.a.c.c.StandardEngine] Starting Servlet engine: [Apache Tomcat/10.1.46][0;39m
[32m[2025-10-19 08:08:27,315][INFO][proy01][o.a.c.c.C.[.[.[/]] Initializing Spring embedded WebApplicationContext[0;39m
[32m[2025-10-19 08:08:27,316][INFO][proy01][o.s.b.w.s.c.ServletWebServerApplicationContext] Root WebApplicationContext: initialization completed in 721 ms[0;39m
[32m[2025-10-19 08:08:27,428][INFO][proy01][o.h.j.i.u.LogHelper] HHH000204: Processing PersistenceUnitInfo [name: default][0;39m
[32m[2025-10-19 08:08:27,459][INFO][proy01][o.h.Version] HHH000412: Hibernate ORM core version 6.6.29.Final[0;39m
[32m[2025-10-19 08:08:27,476][INFO][proy01][o.h.c.i.RegionFactoryInitiator] HHH000026: Second-level cache disabled[0;39m
[32m[2025-10-19 08:08:27,616][INFO][proy01][o.s.o.j.p.SpringPersistenceUnitInfo] No LoadTimeWeaver setup: ignoring JPA class transformer[0;39m
[32m[2025-10-19 08:08:27,632][INFO][proy01][c.z.h.HikariDataSource] HikariPool-1 - Starting...[0;39m
[32m[2025-10-19 08:08:27,703][INFO][proy01][c.z.h.p.HikariPool] HikariPool-1 - Added connection org.postgresql.jdbc.PgConnection@18b58c77[0;39m
[32m[2025-10-19 08:08:27,703][INFO][proy01][c.z.h.HikariDataSource] HikariPool-1 - Start completed.[0;39m
[33m[2025-10-19 08:08:27,722][WARN][proy01][o.h.o.deprecation] HHH90000025: PostgreSQLDialect does not need to be specified explicitly using 'hibernate.dialect' (remove the property setting and it will be selected by default)[0;39m
[32m[2025-10-19 08:08:27,731][INFO][proy01][o.h.o.c.pooling] HHH10001005: Database info:
	Database JDBC URL [Connecting through datasource 'HikariDataSource (HikariPool-1)']
	Database driver: undefined/unknown
	Database version: 16.10
	Autocommit mode: undefined/unknown
	Isolation level: undefined/unknown
	Minimum pool size: undefined/unknown
	Maximum pool size: undefined/unknown[0;39m
[32m[2025-10-19 08:08:28,098][INFO][proy01][o.h.e.t.j.p.i.JtaPlatformInitiator] HHH000489: No JTA platform available (set 'hibernate.transaction.jta.platform' to enable JTA platform integration)[0;39m
[32m[2025-10-19 08:08:28,099][INFO][proy01][o.s.o.j.LocalContainerEntityManagerFactoryBean] Initialized JPA EntityManagerFactory for persistence unit 'default'[0;39m
[33m[2025-10-19 08:08:28,260][WARN][proy01][o.s.b.a.o.j.JpaBaseConfiguration$JpaWebConfiguration] spring.jpa.open-in-view is enabled by default. Therefore, database queries may be performed during view rendering. Explicitly configure spring.jpa.open-in-view to disable this warning[0;39m
[32m[2025-10-19 08:08:28,389][INFO][proy01][o.s.b.a.e.w.EndpointLinksResolver] Exposing 1 endpoint beneath base path '/actuator'[0;39m
[33m[2025-10-19 08:08:28,404][WARN][proy01][o.s.b.a.s.s.UserDetailsServiceAutoConfiguration] 

Using generated security password: 0d85adce-37bb-430b-8f1e-53999450312a

This generated password is for development use only. Your security configuration must be updated before running your application in production.
[0;39m
[32m[2025-10-19 08:08:28,408][INFO][proy01][o.s.s.c.a.a.c.InitializeUserDetailsBeanManagerConfigurer$InitializeUserDetailsManagerConfigurer] Global AuthenticationManager configured with UserDetailsService bean with name inMemoryUserDetailsManager[0;39m
[32m[2025-10-19 08:08:28,592][INFO][proy01][o.s.b.w.e.t.TomcatWebServer] Tomcat started on port 8080 (http) with context path '/'[0;39m
[32m[2025-10-19 08:08:28,598][INFO][proy01][e.b.p.ProyectoApplication] Started ProyectoApplication in 2.272 seconds (process running for 2.702)[0;39m
[32m[2025-10-19 08:08:29,116][INFO][proy01][o.a.c.c.C.[.[.[/]] Initializing Spring DispatcherServlet 'dispatcherServlet'[0;39m
[32m[2025-10-19 08:08:29,116][INFO][proy01][o.s.w.s.DispatcherServlet] Initializing Servlet 'dispatcherServlet'[0;39m
[32m[2025-10-19 08:08:29,116][INFO][proy01][o.s.w.s.DispatcherServlet] Completed initialization in 0 ms[0;39m
[32m[2025-10-19 08:11:32,625][INFO][proy01][e.b.p.ProyectoApplicationTests] Starting ProyectoApplicationTests using Java 21.0.8 with PID 236530 (started by xarrondo in /home/xarrondo/PROYECTOS/proy01-back)[0;39m
[32m[2025-10-19 08:11:32,625][INFO][proy01][e.b.p.ProyectoApplicationTests] No active profile set, falling back to 1 default profile: "default"[0;39m
[32m[2025-10-19 08:11:32,991][INFO][proy01][o.s.d.r.c.RepositoryConfigurationDelegate] Bootstrapping Spring Data JPA repositories in DEFAULT mode.[0;39m
[32m[2025-10-19 08:11:33,015][INFO][proy01][o.s.d.r.c.RepositoryConfigurationDelegate] Finished Spring Data repository scanning in 20 ms. Found 1 JPA repository interface.[0;39m
[32m[2025-10-19 08:11:33,213][INFO][proy01][o.h.j.i.u.LogHelper] HHH000204: Processing PersistenceUnitInfo [name: default][0;39m
[32m[2025-10-19 08:11:33,231][INFO][proy01][o.h.Version] HHH000412: Hibernate ORM core version 6.6.29.Final[0;39m
[32m[2025-10-19 08:11:33,242][INFO][proy01][o.h.c.i.RegionFactoryInitiator] HHH000026: Second-level cache disabled[0;39m
[32m[2025-10-19 08:11:33,282][INFO][proy01][o.s.o.j.p.SpringPersistenceUnitInfo] No LoadTimeWeaver setup: ignoring JPA class transformer[0;39m
[32m[2025-10-19 08:11:33,292][INFO][proy01][c.z.h.HikariDataSource] HikariPool-1 - Starting...[0;39m
[32m[2025-10-19 08:11:33,363][INFO][proy01][c.z.h.p.HikariPool] HikariPool-1 - Added connection org.postgresql.jdbc.PgConnection@271a140c[0;39m
[32m[2025-10-19 08:11:33,363][INFO][proy01][c.z.h.HikariDataSource] HikariPool-1 - Start completed.[0;39m
[33m[2025-10-19 08:11:33,374][WARN][proy01][o.h.o.deprecation] HHH90000025: PostgreSQLDialect does not need to be specified explicitly using 'hibernate.dialect' (remove the property setting and it will be selected by default)[0;39m
[32m[2025-10-19 08:11:33,381][INFO][proy01][o.h.o.c.pooling] HHH10001005: Database info:
	Database JDBC URL [Connecting through datasource 'HikariDataSource (HikariPool-1)']
	Database driver: undefined/unknown
	Database version: 16.10
	Autocommit mode: undefined/unknown
	Isolation level: undefined/unknown
	Minimum pool size: undefined/unknown
	Maximum pool size: undefined/unknown[0;39m
[32m[2025-10-19 08:11:33,639][INFO][proy01][o.h.e.t.j.p.i.JtaPlatformInitiator] HHH000489: No JTA platform available (set 'hibernate.transaction.jta.platform' to enable JTA platform integration)[0;39m
[32m[2025-10-19 08:11:33,640][INFO][proy01][o.s.o.j.LocalContainerEntityManagerFactoryBean] Initialized JPA EntityManagerFactory for persistence unit 'default'[0;39m
[33m[2025-10-19 08:11:33,787][WARN][proy01][o.s.b.a.o.j.JpaBaseConfiguration$JpaWebConfiguration] spring.jpa.open-in-view is enabled by default. Therefore, database queries may be performed during view rendering. Explicitly configure spring.jpa.open-in-view to disable this warning[0;39m
[32m[2025-10-19 08:11:33,921][INFO][proy01][o.s.b.a.e.w.EndpointLinksResolver] Exposing 1 endpoint beneath base path '/actuator'[0;39m
[33m[2025-10-19 08:11:33,934][WARN][proy01][o.s.b.a.s.s.UserDetailsServiceAutoConfiguration] 

Using generated security password: 985d8b10-ac25-4f84-aad7-f92a4e461d8e

This generated password is for development use only. Your security configuration must be updated before running your application in production.
[0;39m
[32m[2025-10-19 08:11:33,937][INFO][proy01][o.s.s.c.a.a.c.InitializeUserDetailsBeanManagerConfigurer$InitializeUserDetailsManagerConfigurer] Global AuthenticationManager configured with UserDetailsService bean with name inMemoryUserDetailsManager[0;39m
[32m[2025-10-19 08:11:34,109][INFO][proy01][e.b.p.ProyectoApplicationTests] Started ProyectoApplicationTests in 1.644 seconds (process running for 2.542)[0;39m
[32m[2025-10-19 08:11:34,172][INFO][proy01][o.s.o.j.LocalContainerEntityManagerFactoryBean] Closing JPA EntityManagerFactory for persistence unit 'default'[0;39m
[32m[2025-10-19 08:11:34,172][INFO][proy01][c.z.h.HikariDataSource] HikariPool-1 - Shutdown initiated...[0;39m
[32m[2025-10-19 08:11:34,174][INFO][proy01][c.z.h.HikariDataSource] HikariPool-1 - Shutdown completed.[0;39m
[32m[2025-10-19 08:15:39,700][INFO][proy01][e.b.p.ProyectoApplicationTests] Starting ProyectoApplicationTests using Java 21.0.8 with PID 236951 (started by xarrondo in /home/xarrondo/PROYECTOS/proy01-back)[0;39m
[32m[2025-10-19 08:15:39,700][INFO][proy01][e.b.p.ProyectoApplicationTests] No active profile set, falling back to 1 default profile: "default"[0;39m
[32m[2025-10-19 08:15:40,098][INFO][proy01][o.s.d.r.c.RepositoryConfigurationDelegate] Bootstrapping Spring Data JPA repositories in DEFAULT mode.[0;39m
[32m[2025-10-19 08:15:40,122][INFO][proy01][o.s.d.r.c.RepositoryConfigurationDelegate] Finished Spring Data repository scanning in 19 ms. Found 1 JPA repository interface.[0;39m
[32m[2025-10-19 08:15:40,327][INFO][proy01][o.h.j.i.u.LogHelper] HHH000204: Processing PersistenceUnitInfo [name: default][0;39m
[32m[2025-10-19 08:15:40,346][INFO][proy01][o.h.Version] HHH000412: Hibernate ORM core version 6.6.29.Final[0;39m
[32m[2025-10-19 08:15:40,358][INFO][proy01][o.h.c.i.RegionFactoryInitiator] HHH000026: Second-level cache disabled[0;39m
[32m[2025-10-19 08:15:40,405][INFO][proy01][o.s.o.j.p.SpringPersistenceUnitInfo] No LoadTimeWeaver setup: ignoring JPA class transformer[0;39m
[32m[2025-10-19 08:15:40,417][INFO][proy01][c.z.h.HikariDataSource] HikariPool-1 - Starting...[0;39m
[32m[2025-10-19 08:15:40,498][INFO][proy01][c.z.h.p.HikariPool] HikariPool-1 - Added connection org.postgresql.jdbc.PgConnection@67b09e34[0;39m
[32m[2025-10-19 08:15:40,498][INFO][proy01][c.z.h.HikariDataSource] HikariPool-1 - Start completed.[0;39m
[33m[2025-10-19 08:15:40,518][WARN][proy01][o.h.o.deprecation] HHH90000025: PostgreSQLDialect does not need to be specified explicitly using 'hibernate.dialect' (remove the property setting and it will be selected by default)[0;39m
[32m[2025-10-19 08:15:40,527][INFO][proy01][o.h.o.c.pooling] HHH10001005: Database info:
	Database JDBC URL [Connecting through datasource 'HikariDataSource (HikariPool-1)']
	Database driver: undefined/unknown
	Database version: 16.10
	Autocommit mode: undefined/unknown
	Isolation level: undefined/unknown
	Minimum pool size: undefined/unknown
	Maximum pool size: undefined/unknown[0;39m
[32m[2025-10-19 08:15:40,828][INFO][proy01][o.h.e.t.j.p.i.JtaPlatformInitiator] HHH000489: No JTA platform available (set 'hibernate.transaction.jta.platform' to enable JTA platform integration)[0;39m
[32m[2025-10-19 08:15:40,829][INFO][proy01][o.s.o.j.LocalContainerEntityManagerFactoryBean] Initialized JPA EntityManagerFactory for persistence unit 'default'[0;39m
[33m[2025-10-19 08:15:40,990][WARN][proy01][o.s.b.a.o.j.JpaBaseConfiguration$JpaWebConfiguration] spring.jpa.open-in-view is enabled by default. Therefore, database queries may be performed during view rendering. Explicitly configure spring.jpa.open-in-view to disable this warning[0;39m
[32m[2025-10-19 08:15:41,131][INFO][proy01][o.s.b.a.e.w.EndpointLinksResolver] Exposing 1 endpoint beneath base path '/actuator'[0;39m
[33m[2025-10-19 08:15:41,144][WARN][proy01][o.s.b.a.s.s.UserDetailsServiceAutoConfiguration] 

Using generated security password: 1030dd13-59d3-40b4-9547-1e4cd4dabb2f

This generated password is for development use only. Your security configuration must be updated before running your application in production.
[0;39m
[32m[2025-10-19 08:15:41,147][INFO][proy01][o.s.s.c.a.a.c.InitializeUserDetailsBeanManagerConfigurer$InitializeUserDetailsManagerConfigurer] Global AuthenticationManager configured with UserDetailsService bean with name inMemoryUserDetailsManager[0;39m
[32m[2025-10-19 08:15:41,335][INFO][proy01][e.b.p.ProyectoApplicationTests] Started ProyectoApplicationTests in 1.798 seconds (process running for 2.66)[0;39m
[32m[2025-10-19 08:15:41,393][INFO][proy01][o.s.o.j.LocalContainerEntityManagerFactoryBean] Closing JPA EntityManagerFactory for persistence unit 'default'[0;39m
[32m[2025-10-19 08:15:41,394][INFO][proy01][c.z.h.HikariDataSource] HikariPool-1 - Shutdown initiated...[0;39m
[32m[2025-10-19 08:15:41,395][INFO][proy01][c.z.h.HikariDataSource] HikariPool-1 - Shutdown completed.[0;39m
[32m[2025-10-19 08:17:25,970][INFO][proy01][e.b.p.ProyectoApplicationTests] Starting ProyectoApplicationTests using Java 21.0.8 with PID 237331 (started by xarrondo in /home/xarrondo/PROYECTOS/proy01-back)[0;39m
[32m[2025-10-19 08:17:25,971][INFO][proy01][e.b.p.ProyectoApplicationTests] No active profile set, falling back to 1 default profile: "default"[0;39m
[32m[2025-10-19 08:17:26,311][INFO][proy01][o.s.d.r.c.RepositoryConfigurationDelegate] Bootstrapping Spring Data JPA repositories in DEFAULT mode.[0;39m
[32m[2025-10-19 08:17:26,331][INFO][proy01][o.s.d.r.c.RepositoryConfigurationDelegate] Finished Spring Data repository scanning in 16 ms. Found 1 JPA repository interface.[0;39m
[32m[2025-10-19 08:17:26,504][INFO][proy01][o.h.j.i.u.LogHelper] HHH000204: Processing PersistenceUnitInfo [name: default][0;39m
[32m[2025-10-19 08:17:26,526][INFO][proy01][o.h.Version] HHH000412: Hibernate ORM core version 6.6.29.Final[0;39m
[32m[2025-10-19 08:17:26,537][INFO][proy01][o.h.c.i.RegionFactoryInitiator] HHH000026: Second-level cache disabled[0;39m
[32m[2025-10-19 08:17:26,577][INFO][proy01][o.s.o.j.p.SpringPersistenceUnitInfo] No LoadTimeWeaver setup: ignoring JPA class transformer[0;39m
[32m[2025-10-19 08:17:26,588][INFO][proy01][c.z.h.HikariDataSource] HikariPool-1 - Starting...[0;39m
[32m[2025-10-19 08:17:26,663][INFO][proy01][c.z.h.p.HikariPool] HikariPool-1 - Added connection org.postgresql.jdbc.PgConnection@35c95869[0;39m
[32m[2025-10-19 08:17:26,663][INFO][proy01][c.z.h.HikariDataSource] HikariPool-1 - Start completed.[0;39m
[32m[2025-10-19 08:17:26,689][INFO][proy01][o.h.o.c.pooling] HHH10001005: Database info:
	Database JDBC URL [Connecting through datasource 'HikariDataSource (HikariPool-1)']
	Database driver: undefined/unknown
	Database version: 16.10
	Autocommit mode: undefined/unknown
	Isolation level: undefined/unknown
	Minimum pool size: undefined/unknown
	Maximum pool size: undefined/unknown[0;39m
[32m[2025-10-19 08:17:26,969][INFO][proy01][o.h.e.t.j.p.i.JtaPlatformInitiator] HHH000489: No JTA platform available (set 'hibernate.transaction.jta.platform' to enable JTA platform integration)[0;39m
[32m[2025-10-19 08:17:26,970][INFO][proy01][o.s.o.j.LocalContainerEntityManagerFactoryBean] Initialized JPA EntityManagerFactory for persistence unit 'default'[0;39m
[32m[2025-10-19 08:17:27,269][INFO][proy01][o.s.b.a.e.w.EndpointLinksResolver] Exposing 1 endpoint beneath base path '/actuator'[0;39m
[33m[2025-10-19 08:17:27,283][WARN][proy01][o.s.b.a.s.s.UserDetailsServiceAutoConfiguration] 

Using generated security password: 702100da-f5e0-4ec5-81a7-03571467b03d

This generated password is for development use only. Your security configuration must be updated before running your application in production.
[0;39m
[32m[2025-10-19 08:17:27,286][INFO][proy01][o.s.s.c.a.a.c.InitializeUserDetailsBeanManagerConfigurer$InitializeUserDetailsManagerConfigurer] Global AuthenticationManager configured with UserDetailsService bean with name inMemoryUserDetailsManager[0;39m
[32m[2025-10-19 08:17:27,457][INFO][proy01][e.b.p.ProyectoApplicationTests] Started ProyectoApplicationTests in 1.631 seconds (process running for 2.494)[0;39m
[32m[2025-10-19 08:17:27,512][INFO][proy01][o.s.o.j.LocalContainerEntityManagerFactoryBean] Closing JPA EntityManagerFactory for persistence unit 'default'[0;39m
[32m[2025-10-19 08:17:27,513][INFO][proy01][c.z.h.HikariDataSource] HikariPool-1 - Shutdown initiated...[0;39m
[32m[2025-10-19 08:17:27,515][INFO][proy01][c.z.h.HikariDataSource] HikariPool-1 - Shutdown completed.[0;39m
[32m[2025-10-19 08:23:01,074][INFO][proy01][e.b.p.ProyectoApplicationTests] Starting ProyectoApplicationTests using Java 21.0.8 with PID 237850 (started by xarrondo in /home/xarrondo/PROYECTOS/proy01-back)[0;39m
[32m[2025-10-19 08:23:01,075][INFO][proy01][e.b.p.ProyectoApplicationTests] No active profile set, falling back to 1 default profile: "default"[0;39m
[32m[2025-10-19 08:23:01,410][INFO][proy01][o.s.d.r.c.RepositoryConfigurationDelegate] Bootstrapping Spring Data JPA repositories in DEFAULT mode.[0;39m
[32m[2025-10-19 08:23:01,430][INFO][proy01][o.s.d.r.c.RepositoryConfigurationDelegate] Finished Spring Data repository scanning in 15 ms. Found 1 JPA repository interface.[0;39m
[32m[2025-10-19 08:23:01,594][INFO][proy01][o.h.j.i.u.LogHelper] HHH000204: Processing PersistenceUnitInfo [name: default][0;39m
[32m[2025-10-19 08:23:01,609][INFO][proy01][o.h.Version] HHH000412: Hibernate ORM core version 6.6.29.Final[0;39m
[32m[2025-10-19 08:23:01,620][INFO][proy01][o.h.c.i.RegionFactoryInitiator] HHH000026: Second-level cache disabled[0;39m
[32m[2025-10-19 08:23:01,666][INFO][proy01][o.s.o.j.p.SpringPersistenceUnitInfo] No LoadTimeWeaver setup: ignoring JPA class transformer[0;39m
[32m[2025-10-19 08:23:01,677][INFO][proy01][c.z.h.HikariDataSource] HikariPool-1 - Starting...[0;39m
[32m[2025-10-19 08:23:01,747][INFO][proy01][c.z.h.p.HikariPool] HikariPool-1 - Added connection org.postgresql.jdbc.PgConnection@7741507c[0;39m
[32m[2025-10-19 08:23:01,748][INFO][proy01][c.z.h.HikariDataSource] HikariPool-1 - Start completed.[0;39m
[32m[2025-10-19 08:23:01,772][INFO][proy01][o.h.o.c.pooling] HHH10001005: Database info:
	Database JDBC URL [Connecting through datasource 'HikariDataSource (HikariPool-1)']
	Database driver: undefined/unknown
	Database version: 16.10
	Autocommit mode: undefined/unknown
	Isolation level: undefined/unknown
	Minimum pool size: undefined/unknown
	Maximum pool size: undefined/unknown[0;39m
[32m[2025-10-19 08:23:02,041][INFO][proy01][o.h.e.t.j.p.i.JtaPlatformInitiator] HHH000489: No JTA platform available (set 'hibernate.transaction.jta.platform' to enable JTA platform integration)[0;39m
[32m[2025-10-19 08:23:02,042][INFO][proy01][o.s.o.j.LocalContainerEntityManagerFactoryBean] Initialized JPA EntityManagerFactory for persistence unit 'default'[0;39m
[32m[2025-10-19 08:23:02,343][INFO][proy01][o.s.b.a.e.w.EndpointLinksResolver] Exposing 1 endpoint beneath base path '/actuator'[0;39m
[33m[2025-10-19 08:23:02,357][WARN][proy01][o.s.b.a.s.s.UserDetailsServiceAutoConfiguration] 

Using generated security password: 1bd99152-f00f-49d5-97b9-9792ec2d1b4b

This generated password is for development use only. Your security configuration must be updated before running your application in production.
[0;39m
[32m[2025-10-19 08:23:02,359][INFO][proy01][o.s.s.c.a.a.c.InitializeUserDetailsBeanManagerConfigurer$InitializeUserDetailsManagerConfigurer] Global AuthenticationManager configured with UserDetailsService bean with name inMemoryUserDetailsManager[0;39m
[32m[2025-10-19 08:23:02,533][INFO][proy01][e.b.p.ProyectoApplicationTests] Started ProyectoApplicationTests in 1.61 seconds (process running for 2.485)[0;39m
[32m[2025-10-19 08:23:02,598][INFO][proy01][o.s.o.j.LocalContainerEntityManagerFactoryBean] Closing JPA EntityManagerFactory for persistence unit 'default'[0;39m
[32m[2025-10-19 08:23:02,599][INFO][proy01][c.z.h.HikariDataSource] HikariPool-1 - Shutdown initiated...[0;39m
[32m[2025-10-19 08:23:02,600][INFO][proy01][c.z.h.HikariDataSource] HikariPool-1 - Shutdown completed.[0;39m
[32m[2025-10-19 08:23:07,236][INFO][proy01][o.s.b.a.SpringApplicationAdminMXBeanRegistrar$SpringApplicationAdmin] Application shutdown requested.[0;39m
[32m[2025-10-19 08:23:07,237][INFO][proy01][o.s.b.w.e.t.GracefulShutdown] Commencing graceful shutdown. Waiting for active requests to complete[0;39m
[32m[2025-10-19 08:23:07,239][INFO][proy01][o.s.b.w.e.t.GracefulShutdown] Graceful shutdown complete[0;39m
[32m[2025-10-19 08:23:07,241][INFO][proy01][o.s.o.j.LocalContainerEntityManagerFactoryBean] Closing JPA EntityManagerFactory for persistence unit 'default'[0;39m
[32m[2025-10-19 08:23:07,242][INFO][proy01][c.z.h.HikariDataSource] HikariPool-1 - Shutdown initiated...[0;39m
[32m[2025-10-19 08:23:07,243][INFO][proy01][c.z.h.HikariDataSource] HikariPool-1 - Shutdown completed.[0;39m
[32m[2025-10-19 08:23:08,231][INFO][proy01][e.b.p.ProyectoApplication] Starting ProyectoApplication using Java 21.0.8 with PID 237993 (/home/xarrondo/PROYECTOS/proy01-back/target/classes started by xarrondo in /home/xarrondo/PROYECTOS/proy01-back)[0;39m
[32m[2025-10-19 08:23:08,231][INFO][proy01][e.b.p.ProyectoApplication] No active profile set, falling back to 1 default profile: "default"[0;39m
[32m[2025-10-19 08:23:08,624][INFO][proy01][o.s.d.r.c.RepositoryConfigurationDelegate] Bootstrapping Spring Data JPA repositories in DEFAULT mode.[0;39m
[32m[2025-10-19 08:23:08,647][INFO][proy01][o.s.d.r.c.RepositoryConfigurationDelegate] Finished Spring Data repository scanning in 19 ms. Found 1 JPA repository interface.[0;39m
[32m[2025-10-19 08:23:08,866][INFO][proy01][o.s.b.w.e.t.TomcatWebServer] Tomcat initialized with port 8080 (http)[0;39m
[32m[2025-10-19 08:23:08,872][INFO][proy01][o.a.c.c.StandardService] Starting service [Tomcat][0;39m
[32m[2025-10-19 08:23:08,872][INFO][proy01][o.a.c.c.StandardEngine] Starting Servlet engine: [Apache Tomcat/10.1.46][0;39m
[32m[2025-10-19 08:23:08,896][INFO][proy01][o.a.c.c.C.[.[.[/]] Initializing Spring embedded WebApplicationContext[0;39m
[32m[2025-10-19 08:23:08,896][INFO][proy01][o.s.b.w.s.c.ServletWebServerApplicationContext] Root WebApplicationContext: initialization completed in 646 ms[0;39m
[32m[2025-10-19 08:23:08,997][INFO][proy01][o.h.j.i.u.LogHelper] HHH000204: Processing PersistenceUnitInfo [name: default][0;39m
[32m[2025-10-19 08:23:09,017][INFO][proy01][o.h.Version] HHH000412: Hibernate ORM core version 6.6.29.Final[0;39m
[32m[2025-10-19 08:23:09,030][INFO][proy01][o.h.c.i.RegionFactoryInitiator] HHH000026: Second-level cache disabled[0;39m
[32m[2025-10-19 08:23:09,147][INFO][proy01][o.s.o.j.p.SpringPersistenceUnitInfo] No LoadTimeWeaver setup: ignoring JPA class transformer[0;39m
[32m[2025-10-19 08:23:09,161][INFO][proy01][c.z.h.HikariDataSource] HikariPool-1 - Starting...[0;39m
[32m[2025-10-19 08:23:09,227][INFO][proy01][c.z.h.p.HikariPool] HikariPool-1 - Added connection org.postgresql.jdbc.PgConnection@23365142[0;39m
[32m[2025-10-19 08:23:09,227][INFO][proy01][c.z.h.HikariDataSource] HikariPool-1 - Start completed.[0;39m
[32m[2025-10-19 08:23:09,259][INFO][proy01][o.h.o.c.pooling] HHH10001005: Database info:
	Database JDBC URL [Connecting through datasource 'HikariDataSource (HikariPool-1)']
	Database driver: undefined/unknown
	Database version: 16.10
	Autocommit mode: undefined/unknown
	Isolation level: undefined/unknown
	Minimum pool size: undefined/unknown
	Maximum pool size: undefined/unknown[0;39m
[32m[2025-10-19 08:23:09,613][INFO][proy01][o.h.e.t.j.p.i.JtaPlatformInitiator] HHH000489: No JTA platform available (set 'hibernate.transaction.jta.platform' to enable JTA platform integration)[0;39m
[32m[2025-10-19 08:23:09,614][INFO][proy01][o.s.o.j.LocalContainerEntityManagerFactoryBean] Initialized JPA EntityManagerFactory for persistence unit 'default'[0;39m
[32m[2025-10-19 08:23:09,894][INFO][proy01][o.s.b.a.e.w.EndpointLinksResolver] Exposing 1 endpoint beneath base path '/actuator'[0;39m
[33m[2025-10-19 08:23:09,907][WARN][proy01][o.s.b.a.s.s.UserDetailsServiceAutoConfiguration] 

Using generated security password: 03c5f28c-5ef1-44b6-87c4-2662a65d382f

This generated password is for development use only. Your security configuration must be updated before running your application in production.
[0;39m
[32m[2025-10-19 08:23:09,911][INFO][proy01][o.s.s.c.a.a.c.InitializeUserDetailsBeanManagerConfigurer$InitializeUserDetailsManagerConfigurer] Global AuthenticationManager configured with UserDetailsService bean with name inMemoryUserDetailsManager[0;39m
[32m[2025-10-19 08:23:10,105][INFO][proy01][o.s.b.w.e.t.TomcatWebServer] Tomcat started on port 8080 (http) with context path '/'[0;39m
[32m[2025-10-19 08:23:10,111][INFO][proy01][e.b.p.ProyectoApplication] Started ProyectoApplication in 2.106 seconds (process running for 2.469)[0;39m
[32m[2025-10-19 08:23:10,364][INFO][proy01][o.a.c.c.C.[.[.[/]] Initializing Spring DispatcherServlet 'dispatcherServlet'[0;39m
[32m[2025-10-19 08:23:10,365][INFO][proy01][o.s.w.s.DispatcherServlet] Initializing Servlet 'dispatcherServlet'[0;39m
[32m[2025-10-19 08:23:10,365][INFO][proy01][o.s.w.s.DispatcherServlet] Completed initialization in 0 ms[0;39m
[32m[2025-10-19 08:31:53,759][INFO][proy01][e.b.p.ProyectoApplicationTests] Starting ProyectoApplicationTests using Java 21.0.8 with PID 239548 (started by xarrondo in /home/xarrondo/PROYECTOS/proy01-back)[0;39m
[32m[2025-10-19 08:31:53,759][INFO][proy01][e.b.p.ProyectoApplicationTests] No active profile set, falling back to 1 default profile: "default"[0;39m
[32m[2025-10-19 08:31:54,134][INFO][proy01][o.s.d.r.c.RepositoryConfigurationDelegate] Bootstrapping Spring Data JPA repositories in DEFAULT mode.[0;39m
[32m[2025-10-19 08:31:54,153][INFO][proy01][o.s.d.r.c.RepositoryConfigurationDelegate] Finished Spring Data repository scanning in 15 ms. Found 1 JPA repository interface.[0;39m
[32m[2025-10-19 08:31:54,324][INFO][proy01][o.h.j.i.u.LogHelper] HHH000204: Processing PersistenceUnitInfo [name: default][0;39m
[32m[2025-10-19 08:31:54,340][INFO][proy01][o.h.Version] HHH000412: Hibernate ORM core version 6.6.29.Final[0;39m
[32m[2025-10-19 08:31:54,350][INFO][proy01][o.h.c.i.RegionFactoryInitiator] HHH000026: Second-level cache disabled[0;39m
[32m[2025-10-19 08:31:54,390][INFO][proy01][o.s.o.j.p.SpringPersistenceUnitInfo] No LoadTimeWeaver setup: ignoring JPA class transformer[0;39m
[32m[2025-10-19 08:31:54,400][INFO][proy01][c.z.h.HikariDataSource] HikariPool-1 - Starting...[0;39m
[32m[2025-10-19 08:31:54,470][INFO][proy01][c.z.h.p.HikariPool] HikariPool-1 - Added connection org.postgresql.jdbc.PgConnection@44ec4a38[0;39m
[32m[2025-10-19 08:31:54,471][INFO][proy01][c.z.h.HikariDataSource] HikariPool-1 - Start completed.[0;39m
[32m[2025-10-19 08:31:54,494][INFO][proy01][o.h.o.c.pooling] HHH10001005: Database info:
	Database JDBC URL [Connecting through datasource 'HikariDataSource (HikariPool-1)']
	Database driver: undefined/unknown
	Database version: 16.10
	Autocommit mode: undefined/unknown
	Isolation level: undefined/unknown
	Minimum pool size: undefined/unknown
	Maximum pool size: undefined/unknown[0;39m
[32m[2025-10-19 08:31:54,768][INFO][proy01][o.h.e.t.j.p.i.JtaPlatformInitiator] HHH000489: No JTA platform available (set 'hibernate.transaction.jta.platform' to enable JTA platform integration)[0;39m
[32m[2025-10-19 08:31:54,769][INFO][proy01][o.s.o.j.LocalContainerEntityManagerFactoryBean] Initialized JPA EntityManagerFactory for persistence unit 'default'[0;39m
[32m[2025-10-19 08:31:55,090][INFO][proy01][o.s.b.a.e.w.EndpointLinksResolver] Exposing 1 endpoint beneath base path '/actuator'[0;39m
[33m[2025-10-19 08:31:55,102][WARN][proy01][o.s.b.a.s.s.UserDetailsServiceAutoConfiguration] 

Using generated security password: 75456ebd-f358-4cbe-991e-fb502190e168

This generated password is for development use only. Your security configuration must be updated before running your application in production.
[0;39m
[32m[2025-10-19 08:31:55,105][INFO][proy01][o.s.s.c.a.a.c.InitializeUserDetailsBeanManagerConfigurer$InitializeUserDetailsManagerConfigurer] Global AuthenticationManager configured with UserDetailsService bean with name inMemoryUserDetailsManager[0;39m
[32m[2025-10-19 08:31:55,318][INFO][proy01][e.b.p.ProyectoApplicationTests] Started ProyectoApplicationTests in 1.707 seconds (process running for 2.563)[0;39m
[32m[2025-10-19 08:31:55,370][INFO][proy01][o.s.o.j.LocalContainerEntityManagerFactoryBean] Closing JPA EntityManagerFactory for persistence unit 'default'[0;39m
[32m[2025-10-19 08:31:55,371][INFO][proy01][c.z.h.HikariDataSource] HikariPool-1 - Shutdown initiated...[0;39m
[32m[2025-10-19 08:31:55,373][INFO][proy01][c.z.h.HikariDataSource] HikariPool-1 - Shutdown completed.[0;39m
[32m[2025-10-19 08:32:11,811][INFO][proy01][e.b.p.ProyectoApplicationTests] Starting ProyectoApplicationTests using Java 21.0.8 with PID 239800 (started by xarrondo in /home/xarrondo/PROYECTOS/proy01-back)[0;39m
[32m[2025-10-19 08:32:11,812][INFO][proy01][e.b.p.ProyectoApplicationTests] No active profile set, falling back to 1 default profile: "default"[0;39m
[32m[2025-10-19 08:32:12,200][INFO][proy01][o.s.d.r.c.RepositoryConfigurationDelegate] Bootstrapping Spring Data JPA repositories in DEFAULT mode.[0;39m
[32m[2025-10-19 08:32:12,224][INFO][proy01][o.s.d.r.c.RepositoryConfigurationDelegate] Finished Spring Data repository scanning in 15 ms. Found 1 JPA repository interface.[0;39m
[32m[2025-10-19 08:32:12,395][INFO][proy01][o.h.j.i.u.LogHelper] HHH000204: Processing PersistenceUnitInfo [name: default][0;39m
[32m[2025-10-19 08:32:12,412][INFO][proy01][o.h.Version] HHH000412: Hibernate ORM core version 6.6.29.Final[0;39m
[32m[2025-10-19 08:32:12,423][INFO][proy01][o.h.c.i.RegionFactoryInitiator] HHH000026: Second-level cache disabled[0;39m
[32m[2025-10-19 08:32:12,462][INFO][proy01][o.s.o.j.p.SpringPersistenceUnitInfo] No LoadTimeWeaver setup: ignoring JPA class transformer[0;39m
[32m[2025-10-19 08:32:12,472][INFO][proy01][c.z.h.HikariDataSource] HikariPool-1 - Starting...[0;39m
[32m[2025-10-19 08:32:12,550][INFO][proy01][c.z.h.p.HikariPool] HikariPool-1 - Added connection org.postgresql.jdbc.PgConnection@44ec4a38[0;39m
[32m[2025-10-19 08:32:12,550][INFO][proy01][c.z.h.HikariDataSource] HikariPool-1 - Start completed.[0;39m
[32m[2025-10-19 08:32:12,575][INFO][proy01][o.h.o.c.pooling] HHH10001005: Database info:
	Database JDBC URL [Connecting through datasource 'HikariDataSource (HikariPool-1)']
	Database driver: undefined/unknown
	Database version: 16.10
	Autocommit mode: undefined/unknown
	Isolation level: undefined/unknown
	Minimum pool size: undefined/unknown
	Maximum pool size: undefined/unknown[0;39m
[32m[2025-10-19 08:32:12,829][INFO][proy01][o.h.e.t.j.p.i.JtaPlatformInitiator] HHH000489: No JTA platform available (set 'hibernate.transaction.jta.platform' to enable JTA platform integration)[0;39m
[32m[2025-10-19 08:32:12,831][INFO][proy01][o.s.o.j.LocalContainerEntityManagerFactoryBean] Initialized JPA EntityManagerFactory for persistence unit 'default'[0;39m
[32m[2025-10-19 08:32:13,155][INFO][proy01][o.s.b.a.e.w.EndpointLinksResolver] Exposing 1 endpoint beneath base path '/actuator'[0;39m
[33m[2025-10-19 08:32:13,168][WARN][proy01][o.s.b.a.s.s.UserDetailsServiceAutoConfiguration] 

Using generated security password: 9cae139b-ed4f-4639-a8e6-66344fdd8763

This generated password is for development use only. Your security configuration must be updated before running your application in production.
[0;39m
[32m[2025-10-19 08:32:13,170][INFO][proy01][o.s.s.c.a.a.c.InitializeUserDetailsBeanManagerConfigurer$InitializeUserDetailsManagerConfigurer] Global AuthenticationManager configured with UserDetailsService bean with name inMemoryUserDetailsManager[0;39m
[32m[2025-10-19 08:32:13,385][INFO][proy01][e.b.p.ProyectoApplicationTests] Started ProyectoApplicationTests in 1.749 seconds (process running for 2.601)[0;39m
[32m[2025-10-19 08:32:13,439][INFO][proy01][o.s.o.j.LocalContainerEntityManagerFactoryBean] Closing JPA EntityManagerFactory for persistence unit 'default'[0;39m
[32m[2025-10-19 08:32:13,440][INFO][proy01][c.z.h.HikariDataSource] HikariPool-1 - Shutdown initiated...[0;39m
[32m[2025-10-19 08:32:13,441][INFO][proy01][c.z.h.HikariDataSource] HikariPool-1 - Shutdown completed.[0;39m
[32m[2025-10-19 08:35:07,679][INFO][proy01][e.b.p.ProyectoApplicationTests] Starting ProyectoApplicationTests using Java 21.0.8 with PID 240317 (started by xarrondo in /home/xarrondo/PROYECTOS/proy01-back)[0;39m
[32m[2025-10-19 08:35:07,679][INFO][proy01][e.b.p.ProyectoApplicationTests] No active profile set, falling back to 1 default profile: "default"[0;39m
[32m[2025-10-19 08:35:08,090][INFO][proy01][o.s.d.r.c.RepositoryConfigurationDelegate] Bootstrapping Spring Data JPA repositories in DEFAULT mode.[0;39m
[32m[2025-10-19 08:35:08,113][INFO][proy01][o.s.d.r.c.RepositoryConfigurationDelegate] Finished Spring Data repository scanning in 18 ms. Found 1 JPA repository interface.[0;39m
[32m[2025-10-19 08:35:08,338][INFO][proy01][o.h.j.i.u.LogHelper] HHH000204: Processing PersistenceUnitInfo [name: default][0;39m
[32m[2025-10-19 08:35:08,356][INFO][proy01][o.h.Version] HHH000412: Hibernate ORM core version 6.6.29.Final[0;39m
[32m[2025-10-19 08:35:08,368][INFO][proy01][o.h.c.i.RegionFactoryInitiator] HHH000026: Second-level cache disabled[0;39m
[32m[2025-10-19 08:35:08,412][INFO][proy01][o.s.o.j.p.SpringPersistenceUnitInfo] No LoadTimeWeaver setup: ignoring JPA class transformer[0;39m
[32m[2025-10-19 08:35:08,424][INFO][proy01][c.z.h.HikariDataSource] HikariPool-1 - Starting...[0;39m
[32m[2025-10-19 08:35:08,519][INFO][proy01][c.z.h.p.HikariPool] HikariPool-1 - Added connection org.postgresql.jdbc.PgConnection@155318b5[0;39m
[32m[2025-10-19 08:35:08,520][INFO][proy01][c.z.h.HikariDataSource] HikariPool-1 - Start completed.[0;39m
[32m[2025-10-19 08:35:08,549][INFO][proy01][o.h.o.c.pooling] HHH10001005: Database info:
	Database JDBC URL [Connecting through datasource 'HikariDataSource (HikariPool-1)']
	Database driver: undefined/unknown
	Database version: 16.10
	Autocommit mode: undefined/unknown
	Isolation level: undefined/unknown
	Minimum pool size: undefined/unknown
	Maximum pool size: undefined/unknown[0;39m
[32m[2025-10-19 08:35:08,860][INFO][proy01][o.h.e.t.j.p.i.JtaPlatformInitiator] HHH000489: No JTA platform available (set 'hibernate.transaction.jta.platform' to enable JTA platform integration)[0;39m
[32m[2025-10-19 08:35:08,861][INFO][proy01][o.s.o.j.LocalContainerEntityManagerFactoryBean] Initialized JPA EntityManagerFactory for persistence unit 'default'[0;39m
[32m[2025-10-19 08:35:09,202][INFO][proy01][o.s.b.a.e.w.EndpointLinksResolver] Exposing 1 endpoint beneath base path '/actuator'[0;39m
[33m[2025-10-19 08:35:09,217][WARN][proy01][o.s.b.a.s.s.UserDetailsServiceAutoConfiguration] 

Using generated security password: 1f9070f5-9a72-4593-991c-bc497a3f3ce9

This generated password is for development use only. Your security configuration must be updated before running your application in production.
[0;39m
[32m[2025-10-19 08:35:09,220][INFO][proy01][o.s.s.c.a.a.c.InitializeUserDetailsBeanManagerConfigurer$InitializeUserDetailsManagerConfigurer] Global AuthenticationManager configured with UserDetailsService bean with name inMemoryUserDetailsManager[0;39m
[32m[2025-10-19 08:35:09,453][INFO][proy01][e.b.p.ProyectoApplicationTests] Started ProyectoApplicationTests in 1.942 seconds (process running for 2.804)[0;39m
[32m[2025-10-19 08:35:09,515][INFO][proy01][o.s.o.j.LocalContainerEntityManagerFactoryBean] Closing JPA EntityManagerFactory for persistence unit 'default'[0;39m
[32m[2025-10-19 08:35:09,516][INFO][proy01][c.z.h.HikariDataSource] HikariPool-1 - Shutdown initiated...[0;39m
[32m[2025-10-19 08:35:09,517][INFO][proy01][c.z.h.HikariDataSource] HikariPool-1 - Shutdown completed.[0;39m
[32m[2025-10-19 08:36:42,793][INFO][proy01][e.b.p.ProyectoApplicationTests] Starting ProyectoApplicationTests using Java 21.0.8 with PID 240810 (started by xarrondo in /home/xarrondo/PROYECTOS/proy01-back)[0;39m
[32m[2025-10-19 08:36:42,794][INFO][proy01][e.b.p.ProyectoApplicationTests] No active profile set, falling back to 1 default profile: "default"[0;39m
[32m[2025-10-19 08:36:43,183][INFO][proy01][o.s.d.r.c.RepositoryConfigurationDelegate] Bootstrapping Spring Data JPA repositories in DEFAULT mode.[0;39m
[32m[2025-10-19 08:36:43,202][INFO][proy01][o.s.d.r.c.RepositoryConfigurationDelegate] Finished Spring Data repository scanning in 15 ms. Found 1 JPA repository interface.[0;39m
[32m[2025-10-19 08:36:43,376][INFO][proy01][o.h.j.i.u.LogHelper] HHH000204: Processing PersistenceUnitInfo [name: default][0;39m
[32m[2025-10-19 08:36:43,393][INFO][proy01][o.h.Version] HHH000412: Hibernate ORM core version 6.6.29.Final[0;39m
[32m[2025-10-19 08:36:43,404][INFO][proy01][o.h.c.i.RegionFactoryInitiator] HHH000026: Second-level cache disabled[0;39m
[32m[2025-10-19 08:36:43,445][INFO][proy01][o.s.o.j.p.SpringPersistenceUnitInfo] No LoadTimeWeaver setup: ignoring JPA class transformer[0;39m
[32m[2025-10-19 08:36:43,461][INFO][proy01][c.z.h.HikariDataSource] HikariPool-1 - Starting...[0;39m
[32m[2025-10-19 08:36:43,538][INFO][proy01][c.z.h.p.HikariPool] HikariPool-1 - Added connection org.postgresql.jdbc.PgConnection@755009f2[0;39m
[32m[2025-10-19 08:36:43,539][INFO][proy01][c.z.h.HikariDataSource] HikariPool-1 - Start completed.[0;39m
[32m[2025-10-19 08:36:43,565][INFO][proy01][o.h.o.c.pooling] HHH10001005: Database info:
	Database JDBC URL [Connecting through datasource 'HikariDataSource (HikariPool-1)']
	Database driver: undefined/unknown
	Database version: 16.10
	Autocommit mode: undefined/unknown
	Isolation level: undefined/unknown
	Minimum pool size: undefined/unknown
	Maximum pool size: undefined/unknown[0;39m
[32m[2025-10-19 08:36:43,853][INFO][proy01][o.h.e.t.j.p.i.JtaPlatformInitiator] HHH000489: No JTA platform available (set 'hibernate.transaction.jta.platform' to enable JTA platform integration)[0;39m
[32m[2025-10-19 08:36:43,854][INFO][proy01][o.s.o.j.LocalContainerEntityManagerFactoryBean] Initialized JPA EntityManagerFactory for persistence unit 'default'[0;39m
[32m[2025-10-19 08:36:44,159][INFO][proy01][o.s.b.a.e.w.EndpointLinksResolver] Exposing 1 endpoint beneath base path '/actuator'[0;39m
[33m[2025-10-19 08:36:44,172][WARN][proy01][o.s.b.a.s.s.UserDetailsServiceAutoConfiguration] 

Using generated security password: fd7b8ee9-5f43-4d76-90d1-69b33dbb8f73

This generated password is for development use only. Your security configuration must be updated before running your application in production.
[0;39m
[32m[2025-10-19 08:36:44,175][INFO][proy01][o.s.s.c.a.a.c.InitializeUserDetailsBeanManagerConfigurer$InitializeUserDetailsManagerConfigurer] Global AuthenticationManager configured with UserDetailsService bean with name inMemoryUserDetailsManager[0;39m
[32m[2025-10-19 08:36:44,381][INFO][proy01][e.b.p.ProyectoApplicationTests] Started ProyectoApplicationTests in 1.735 seconds (process running for 2.614)[0;39m
[32m[2025-10-19 08:36:44,439][INFO][proy01][o.s.o.j.LocalContainerEntityManagerFactoryBean] Closing JPA EntityManagerFactory for persistence unit 'default'[0;39m
[32m[2025-10-19 08:36:44,446][INFO][proy01][c.z.h.HikariDataSource] HikariPool-1 - Shutdown initiated...[0;39m
[32m[2025-10-19 08:36:44,448][INFO][proy01][c.z.h.HikariDataSource] HikariPool-1 - Shutdown completed.[0;39m
[32m[2025-10-19 08:37:48,321][INFO][proy01][e.b.p.ProyectoApplicationTests] Starting ProyectoApplicationTests using Java 21.0.8 with PID 241112 (started by xarrondo in /home/xarrondo/PROYECTOS/proy01-back)[0;39m
[32m[2025-10-19 08:37:48,321][INFO][proy01][e.b.p.ProyectoApplicationTests] No active profile set, falling back to 1 default profile: "default"[0;39m
[32m[2025-10-19 08:37:48,748][INFO][proy01][o.s.d.r.c.RepositoryConfigurationDelegate] Bootstrapping Spring Data JPA repositories in DEFAULT mode.[0;39m
[32m[2025-10-19 08:37:48,775][INFO][proy01][o.s.d.r.c.RepositoryConfigurationDelegate] Finished Spring Data repository scanning in 22 ms. Found 1 JPA repository interface.[0;39m
[32m[2025-10-19 08:37:48,987][INFO][proy01][o.h.j.i.u.LogHelper] HHH000204: Processing PersistenceUnitInfo [name: default][0;39m
[32m[2025-10-19 08:37:49,008][INFO][proy01][o.h.Version] HHH000412: Hibernate ORM core version 6.6.29.Final[0;39m
[32m[2025-10-19 08:37:49,021][INFO][proy01][o.h.c.i.RegionFactoryInitiator] HHH000026: Second-level cache disabled[0;39m
[32m[2025-10-19 08:37:49,066][INFO][proy01][o.s.o.j.p.SpringPersistenceUnitInfo] No LoadTimeWeaver setup: ignoring JPA class transformer[0;39m
[32m[2025-10-19 08:37:49,077][INFO][proy01][c.z.h.HikariDataSource] HikariPool-1 - Starting...[0;39m
[32m[2025-10-19 08:37:49,153][INFO][proy01][c.z.h.p.HikariPool] HikariPool-1 - Added connection org.postgresql.jdbc.PgConnection@44ec4a38[0;39m
[32m[2025-10-19 08:37:49,154][INFO][proy01][c.z.h.HikariDataSource] HikariPool-1 - Start completed.[0;39m
[32m[2025-10-19 08:37:49,183][INFO][proy01][o.h.o.c.pooling] HHH10001005: Database info:
	Database JDBC URL [Connecting through datasource 'HikariDataSource (HikariPool-1)']
	Database driver: undefined/unknown
	Database version: 16.10
	Autocommit mode: undefined/unknown
	Isolation level: undefined/unknown
	Minimum pool size: undefined/unknown
	Maximum pool size: undefined/unknown[0;39m
[32m[2025-10-19 08:37:49,461][INFO][proy01][o.h.e.t.j.p.i.JtaPlatformInitiator] HHH000489: No JTA platform available (set 'hibernate.transaction.jta.platform' to enable JTA platform integration)[0;39m
[32m[2025-10-19 08:37:49,462][INFO][proy01][o.s.o.j.LocalContainerEntityManagerFactoryBean] Initialized JPA EntityManagerFactory for persistence unit 'default'[0;39m
[32m[2025-10-19 08:37:49,828][INFO][proy01][o.s.b.a.e.w.EndpointLinksResolver] Exposing 1 endpoint beneath base path '/actuator'[0;39m
[33m[2025-10-19 08:37:49,845][WARN][proy01][o.s.b.a.s.s.UserDetailsServiceAutoConfiguration] 

Using generated security password: 07cf5931-ac18-4fb0-8fe2-93f77d36b4e4

This generated password is for development use only. Your security configuration must be updated before running your application in production.
[0;39m
[32m[2025-10-19 08:37:49,847][INFO][proy01][o.s.s.c.a.a.c.InitializeUserDetailsBeanManagerConfigurer$InitializeUserDetailsManagerConfigurer] Global AuthenticationManager configured with UserDetailsService bean with name inMemoryUserDetailsManager[0;39m
[32m[2025-10-19 08:37:50,085][INFO][proy01][e.b.p.ProyectoApplicationTests] Started ProyectoApplicationTests in 1.925 seconds (process running for 2.81)[0;39m
[32m[2025-10-19 08:37:50,150][INFO][proy01][o.s.o.j.LocalContainerEntityManagerFactoryBean] Closing JPA EntityManagerFactory for persistence unit 'default'[0;39m
[32m[2025-10-19 08:37:50,151][INFO][proy01][c.z.h.HikariDataSource] HikariPool-1 - Shutdown initiated...[0;39m
[32m[2025-10-19 08:37:50,153][INFO][proy01][c.z.h.HikariDataSource] HikariPool-1 - Shutdown completed.[0;39m
[32m[2025-10-19 08:38:12,520][INFO][proy01][e.b.p.ProyectoApplicationTests] Starting ProyectoApplicationTests using Java 21.0.8 with PID 241322 (started by xarrondo in /home/xarrondo/PROYECTOS/proy01-back)[0;39m
[32m[2025-10-19 08:38:12,521][INFO][proy01][e.b.p.ProyectoApplicationTests] No active profile set, falling back to 1 default profile: "default"[0;39m
[32m[2025-10-19 08:38:12,936][INFO][proy01][o.s.d.r.c.RepositoryConfigurationDelegate] Bootstrapping Spring Data JPA repositories in DEFAULT mode.[0;39m
[32m[2025-10-19 08:38:12,956][INFO][proy01][o.s.d.r.c.RepositoryConfigurationDelegate] Finished Spring Data repository scanning in 16 ms. Found 1 JPA repository interface.[0;39m
[32m[2025-10-19 08:38:13,153][INFO][proy01][o.h.j.i.u.LogHelper] HHH000204: Processing PersistenceUnitInfo [name: default][0;39m
[32m[2025-10-19 08:38:13,170][INFO][proy01][o.h.Version] HHH000412: Hibernate ORM core version 6.6.29.Final[0;39m
[32m[2025-10-19 08:38:13,182][INFO][proy01][o.h.c.i.RegionFactoryInitiator] HHH000026: Second-level cache disabled[0;39m
[32m[2025-10-19 08:38:13,224][INFO][proy01][o.s.o.j.p.SpringPersistenceUnitInfo] No LoadTimeWeaver setup: ignoring JPA class transformer[0;39m
[32m[2025-10-19 08:38:13,243][INFO][proy01][c.z.h.HikariDataSource] HikariPool-1 - Starting...[0;39m
[32m[2025-10-19 08:38:13,323][INFO][proy01][c.z.h.p.HikariPool] HikariPool-1 - Added connection org.postgresql.jdbc.PgConnection@44ec4a38[0;39m
[32m[2025-10-19 08:38:13,324][INFO][proy01][c.z.h.HikariDataSource] HikariPool-1 - Start completed.[0;39m
[32m[2025-10-19 08:38:13,353][INFO][proy01][o.h.o.c.pooling] HHH10001005: Database info:
	Database JDBC URL [Connecting through datasource 'HikariDataSource (HikariPool-1)']
	Database driver: undefined/unknown
	Database version: 16.10
	Autocommit mode: undefined/unknown
	Isolation level: undefined/unknown
	Minimum pool size: undefined/unknown
	Maximum pool size: undefined/unknown[0;39m
[32m[2025-10-19 08:38:13,636][INFO][proy01][o.h.e.t.j.p.i.JtaPlatformInitiator] HHH000489: No JTA platform available (set 'hibernate.transaction.jta.platform' to enable JTA platform integration)[0;39m
[32m[2025-10-19 08:38:13,637][INFO][proy01][o.s.o.j.LocalContainerEntityManagerFactoryBean] Initialized JPA EntityManagerFactory for persistence unit 'default'[0;39m
[32m[2025-10-19 08:38:13,975][INFO][proy01][o.s.b.a.e.w.EndpointLinksResolver] Exposing 1 endpoint beneath base path '/actuator'[0;39m
[33m[2025-10-19 08:38:13,989][WARN][proy01][o.s.b.a.s.s.UserDetailsServiceAutoConfiguration] 

Using generated security password: b64ebdc4-4bc8-408a-9e54-8a55e824658e

This generated password is for development use only. Your security configuration must be updated before running your application in production.
[0;39m
[32m[2025-10-19 08:38:13,992][INFO][proy01][o.s.s.c.a.a.c.InitializeUserDetailsBeanManagerConfigurer$InitializeUserDetailsManagerConfigurer] Global AuthenticationManager configured with UserDetailsService bean with name inMemoryUserDetailsManager[0;39m
[32m[2025-10-19 08:38:14,214][INFO][proy01][e.b.p.ProyectoApplicationTests] Started ProyectoApplicationTests in 1.848 seconds (process running for 2.715)[0;39m
[32m[2025-10-19 08:38:14,273][INFO][proy01][o.s.o.j.LocalContainerEntityManagerFactoryBean] Closing JPA EntityManagerFactory for persistence unit 'default'[0;39m
[32m[2025-10-19 08:38:14,274][INFO][proy01][c.z.h.HikariDataSource] HikariPool-1 - Shutdown initiated...[0;39m
[32m[2025-10-19 08:38:14,276][INFO][proy01][c.z.h.HikariDataSource] HikariPool-1 - Shutdown completed.[0;39m
[32m[2025-10-19 11:00:20,074][INFO][proy01][e.b.p.ProyectoApplication] Starting ProyectoApplication using Java 21.0.8 with PID 255881 (/home/xarrondo/PROYECTOS/proy01-back/target/classes started by xarrondo in /home/xarrondo/PROYECTOS/proy01-back)[0;39m
[32m[2025-10-19 11:00:20,075][INFO][proy01][e.b.p.ProyectoApplication] No active profile set, falling back to 1 default profile: "default"[0;39m
[32m[2025-10-19 11:00:20,573][INFO][proy01][o.s.d.r.c.RepositoryConfigurationDelegate] Bootstrapping Spring Data JPA repositories in DEFAULT mode.[0;39m
[32m[2025-10-19 11:00:20,597][INFO][proy01][o.s.d.r.c.RepositoryConfigurationDelegate] Finished Spring Data repository scanning in 19 ms. Found 1 JPA repository interface.[0;39m
[32m[2025-10-19 11:00:20,833][INFO][proy01][o.s.b.w.e.t.TomcatWebServer] Tomcat initialized with port 8080 (http)[0;39m
[32m[2025-10-19 11:00:20,840][INFO][proy01][o.a.c.c.StandardService] Starting service [Tomcat][0;39m
[32m[2025-10-19 11:00:20,840][INFO][proy01][o.a.c.c.StandardEngine] Starting Servlet engine: [Apache Tomcat/10.1.46][0;39m
[32m[2025-10-19 11:00:20,860][INFO][proy01][o.a.c.c.C.[.[.[/]] Initializing Spring embedded WebApplicationContext[0;39m
[32m[2025-10-19 11:00:20,860][INFO][proy01][o.s.b.w.s.c.ServletWebServerApplicationContext] Root WebApplicationContext: initialization completed in 767 ms[0;39m
[32m[2025-10-19 11:00:20,979][INFO][proy01][o.h.j.i.u.LogHelper] HHH000204: Processing PersistenceUnitInfo [name: default][0;39m
[32m[2025-10-19 11:00:21,006][INFO][proy01][o.h.Version] HHH000412: Hibernate ORM core version 6.6.29.Final[0;39m
[32m[2025-10-19 11:00:21,023][INFO][proy01][o.h.c.i.RegionFactoryInitiator] HHH000026: Second-level cache disabled[0;39m
[32m[2025-10-19 11:00:21,149][INFO][proy01][o.s.o.j.p.SpringPersistenceUnitInfo] No LoadTimeWeaver setup: ignoring JPA class transformer[0;39m
[32m[2025-10-19 11:00:21,164][INFO][proy01][c.z.h.HikariDataSource] HikariPool-1 - Starting...[0;39m
[32m[2025-10-19 11:00:21,230][INFO][proy01][c.z.h.p.HikariPool] HikariPool-1 - Added connection org.postgresql.jdbc.PgConnection@1e295f7f[0;39m
[32m[2025-10-19 11:00:21,231][INFO][proy01][c.z.h.HikariDataSource] HikariPool-1 - Start completed.[0;39m
[32m[2025-10-19 11:00:21,267][INFO][proy01][o.h.o.c.pooling] HHH10001005: Database info:
	Database JDBC URL [Connecting through datasource 'HikariDataSource (HikariPool-1)']
	Database driver: undefined/unknown
	Database version: 16.10
	Autocommit mode: undefined/unknown
	Isolation level: undefined/unknown
	Minimum pool size: undefined/unknown
	Maximum pool size: undefined/unknown[0;39m
[32m[2025-10-19 11:00:21,649][INFO][proy01][o.h.e.t.j.p.i.JtaPlatformInitiator] HHH000489: No JTA platform available (set 'hibernate.transaction.jta.platform' to enable JTA platform integration)[0;39m
[32m[2025-10-19 11:00:21,650][INFO][proy01][o.s.o.j.LocalContainerEntityManagerFactoryBean] Initialized JPA EntityManagerFactory for persistence unit 'default'[0;39m
[32m[2025-10-19 11:00:22,004][INFO][proy01][o.s.b.a.e.w.EndpointLinksResolver] Exposing 1 endpoint beneath base path '/actuator'[0;39m
[33m[2025-10-19 11:00:22,019][WARN][proy01][o.s.b.a.s.s.UserDetailsServiceAutoConfiguration] 

Using generated security password: 090b9ea7-190e-4ee9-84ff-6e136f18547c

This generated password is for development use only. Your security configuration must be updated before running your application in production.
[0;39m
[32m[2025-10-19 11:00:22,024][INFO][proy01][o.s.s.c.a.a.c.InitializeUserDetailsBeanManagerConfigurer$InitializeUserDetailsManagerConfigurer] Global AuthenticationManager configured with UserDetailsService bean with name inMemoryUserDetailsManager[0;39m
[32m[2025-10-19 11:00:22,259][INFO][proy01][o.s.b.w.e.t.TomcatWebServer] Tomcat started on port 8080 (http) with context path '/'[0;39m
[32m[2025-10-19 11:00:22,266][INFO][proy01][e.b.p.ProyectoApplication] Started ProyectoApplication in 2.423 seconds (process running for 2.825)[0;39m
[32m[2025-10-19 11:00:22,747][INFO][proy01][o.a.c.c.C.[.[.[/]] Initializing Spring DispatcherServlet 'dispatcherServlet'[0;39m
[32m[2025-10-19 11:00:22,748][INFO][proy01][o.s.w.s.DispatcherServlet] Initializing Servlet 'dispatcherServlet'[0;39m
[32m[2025-10-19 11:00:22,748][INFO][proy01][o.s.w.s.DispatcherServlet] Completed initialization in 0 ms[0;39m
[32m[2025-10-19 11:00:35,536][INFO][proy01][e.b.p.s.c.AuthController] AUTH - CONTROLLER - REGISTRO[0;39m
[32m[2025-10-19 11:00:35,536][INFO][proy01][e.b.p.s.s.i.UserServiceImpl] AUTH - SERVICE - REGISTRO[0;39m
[31m[2025-10-19 11:00:35,629][ERROR][proy01][e.b.p.a.GlobalExceptionHandler] Error en el path /v1/auth/registro: 409 CONFLICT "Alias no disponible"[0;39m
eus.birt.proyecto.exception.CustomResponseStatusException: 409 CONFLICT "Alias no disponible"
	at eus.birt.proyecto.security.service.impl.UserServiceImpl.registrarUsuario(UserServiceImpl.java:39)
	at eus.birt.proyecto.security.controller.AuthController.registrarUsuario(AuthController.java:40)
	at java.base/jdk.internal.reflect.DirectMethodHandleAccessor.invoke(DirectMethodHandleAccessor.java:103)
	at java.base/java.lang.reflect.Method.invoke(Method.java:580)
	at org.springframework.aop.support.AopUtils.invokeJoinpointUsingReflection(AopUtils.java:360)
	at org.springframework.aop.framework.ReflectiveMethodInvocation.invokeJoinpoint(ReflectiveMethodInvocation.java:196)
	at org.springframework.aop.framework.ReflectiveMethodInvocation.proceed(ReflectiveMethodInvocation.java:163)
	at org.springframework.validation.beanvalidation.MethodValidationInterceptor.invoke(MethodValidationInterceptor.java:174)
	at org.springframework.aop.framework.ReflectiveMethodInvocation.proceed(ReflectiveMethodInvocation.java:184)
	at org.springframework.aop.framework.CglibAopProxy$DynamicAdvisedInterceptor.intercept(CglibAopProxy.java:728)
	at eus.birt.proyecto.security.controller.AuthController$$SpringCGLIB$$0.registrarUsuario(<generated>)
	at java.base/jdk.internal.reflect.DirectMethodHandleAccessor.invoke(DirectMethodHandleAccessor.java:103)
	at java.base/java.lang.reflect.Method.invoke(Method.java:580)
	at org.springframework.web.method.support.InvocableHandlerMethod.doInvoke(InvocableHandlerMethod.java:258)
	at org.springframework.web.method.support.InvocableHandlerMethod.invokeForRequest(InvocableHandlerMethod.java:191)
	at org.springframework.web.servlet.mvc.method.annotation.ServletInvocableHandlerMethod.invokeAndHandle(ServletInvocableHandlerMethod.java:118)
	at org.springframework.web.servlet.mvc.method.annotation.RequestMappingHandlerAdapter.invokeHandlerMethod(RequestMappingHandlerAdapter.java:991)
	at org.springframework.web.servlet.mvc.method.annotation.RequestMappingHandlerAdapter.handleInternal(RequestMappingHandlerAdapter.java:896)
	at org.springframework.web.servlet.mvc.method.AbstractHandlerMethodAdapter.handle(AbstractHandlerMethodAdapter.java:87)
	at org.springframework.web.servlet.DispatcherServlet.doDispatch(DispatcherServlet.java:1089)
	at org.springframework.web.servlet.DispatcherServlet.doService(DispatcherServlet.java:979)
	at org.springframework.web.servlet.FrameworkServlet.processRequest(FrameworkServlet.java:1014)
	at org.springframework.web.servlet.FrameworkServlet.doPost(FrameworkServlet.java:914)
	at jakarta.servlet.http.HttpServlet.service(HttpServlet.java:590)
	at org.springframework.web.servlet.FrameworkServlet.service(FrameworkServlet.java:885)
	at jakarta.servlet.http.HttpServlet.service(HttpServlet.java:658)
	at org.apache.catalina.core.ApplicationFilterChain.internalDoFilter(ApplicationFilterChain.java:195)
	at org.apache.catalina.core.ApplicationFilterChain.doFilter(ApplicationFilterChain.java:140)
	at org.apache.tomcat.websocket.server.WsFilter.doFilter(WsFilter.java:51)
	at org.apache.catalina.core.ApplicationFilterChain.internalDoFilter(ApplicationFilterChain.java:164)
	at org.apache.catalina.core.ApplicationFilterChain.doFilter(ApplicationFilterChain.java:140)
	at org.springframework.web.filter.CompositeFilter$VirtualFilterChain.doFilter(CompositeFilter.java:108)
	at org.springframework.web.filter.CompositeFilter$VirtualFilterChain.doFilter(CompositeFilter.java:108)
	at org.springframework.security.web.FilterChainProxy.lambda$doFilterInternal$3(FilterChainProxy.java:231)
	at org.springframework.security.web.ObservationFilterChainDecorator$FilterObservation$SimpleFilterObservation.lambda$wrap$1(ObservationFilterChainDecorator.java:490)
	at org.springframework.security.web.ObservationFilterChainDecorator$AroundFilterObservation$SimpleAroundFilterObservation.lambda$wrap$1(ObservationFilterChainDecorator.java:351)
	at org.springframework.security.web.ObservationFilterChainDecorator.lambda$wrapSecured$0(ObservationFilterChainDecorator.java:83)
	at org.springframework.security.web.ObservationFilterChainDecorator$VirtualFilterChain.doFilter(ObservationFilterChainDecorator.java:129)
	at org.springframework.security.web.access.intercept.AuthorizationFilter.doFilter(AuthorizationFilter.java:101)
	at org.springframework.security.web.ObservationFilterChainDecorator$ObservationFilter.wrapFilter(ObservationFilterChainDecorator.java:241)
	at org.springframework.security.web.ObservationFilterChainDecorator$ObservationFilter.doFilter(ObservationFilterChainDecorator.java:228)
	at org.springframework.security.web.ObservationFilterChainDecorator$VirtualFilterChain.doFilter(ObservationFilterChainDecorator.java:138)
	at org.springframework.security.web.access.ExceptionTranslationFilter.doFilter(ExceptionTranslationFilter.java:125)
	at org.springframework.security.web.access.ExceptionTranslationFilter.doFilter(ExceptionTranslationFilter.java:119)
	at org.springframework.security.web.ObservationFilterChainDecorator$ObservationFilter.wrapFilter(ObservationFilterChainDecorator.java:241)
	at org.springframework.security.web.ObservationFilterChainDecorator$ObservationFilter.doFilter(ObservationFilterChainDecorator.java:228)
	at org.springframework.security.web.ObservationFilterChainDecorator$VirtualFilterChain.doFilter(ObservationFilterChainDecorator.java:138)
	at org.springframework.security.web.authentication.AnonymousAuthenticationFilter.doFilter(AnonymousAuthenticationFilter.java:100)
	at org.springframework.security.web.ObservationFilterChainDecorator$ObservationFilter.wrapFilter(ObservationFilterChainDecorator.java:241)
	at org.springframework.security.web.ObservationFilterChainDecorator$ObservationFilter.doFilter(ObservationFilterChainDecorator.java:228)
	at org.springframework.security.web.ObservationFilterChainDecorator$VirtualFilterChain.doFilter(ObservationFilterChainDecorator.java:138)
	at org.springframework.security.web.servletapi.SecurityContextHolderAwareRequestFilter.doFilter(SecurityContextHolderAwareRequestFilter.java:179)
	at org.springframework.security.web.ObservationFilterChainDecorator$ObservationFilter.wrapFilter(ObservationFilterChainDecorator.java:241)
	at org.springframework.security.web.ObservationFilterChainDecorator$ObservationFilter.doFilter(ObservationFilterChainDecorator.java:228)
	at org.springframework.security.web.ObservationFilterChainDecorator$VirtualFilterChain.doFilter(ObservationFilterChainDecorator.java:138)
	at org.springframework.security.web.savedrequest.RequestCacheAwareFilter.doFilter(RequestCacheAwareFilter.java:63)
	at org.springframework.security.web.ObservationFilterChainDecorator$ObservationFilter.wrapFilter(ObservationFilterChainDecorator.java:241)
	at org.springframework.security.web.ObservationFilterChainDecorator$ObservationFilter.doFilter(ObservationFilterChainDecorator.java:228)
	at org.springframework.security.web.ObservationFilterChainDecorator$VirtualFilterChain.doFilter(ObservationFilterChainDecorator.java:138)
	at org.springframework.security.web.authentication.logout.LogoutFilter.doFilter(LogoutFilter.java:107)
	at org.springframework.security.web.authentication.logout.LogoutFilter.doFilter(LogoutFilter.java:93)
	at org.springframework.security.web.ObservationFilterChainDecorator$ObservationFilter.wrapFilter(ObservationFilterChainDecorator.java:241)
	at org.springframework.security.web.ObservationFilterChainDecorator$ObservationFilter.doFilter(ObservationFilterChainDecorator.java:228)
	at org.springframework.security.web.ObservationFilterChainDecorator$VirtualFilterChain.doFilter(ObservationFilterChainDecorator.java:138)
	at org.springframework.security.web.header.HeaderWriterFilter.doHeadersAfter(HeaderWriterFilter.java:90)
	at org.springframework.security.web.header.HeaderWriterFilter.doFilterInternal(HeaderWriterFilter.java:75)
	at org.springframework.web.filter.OncePerRequestFilter.doFilter(OncePerRequestFilter.java:116)
	at org.springframework.security.web.ObservationFilterChainDecorator$ObservationFilter.wrapFilter(ObservationFilterChainDecorator.java:241)
	at org.springframework.security.web.ObservationFilterChainDecorator$ObservationFilter.doFilter(ObservationFilterChainDecorator.java:228)
	at org.springframework.security.web.ObservationFilterChainDecorator$VirtualFilterChain.doFilter(ObservationFilterChainDecorator.java:138)
	at org.springframework.security.web.context.SecurityContextHolderFilter.doFilter(SecurityContextHolderFilter.java:82)
	at org.springframework.security.web.context.SecurityContextHolderFilter.doFilter(SecurityContextHolderFilter.java:69)
	at org.springframework.security.web.ObservationFilterChainDecorator$ObservationFilter.wrapFilter(ObservationFilterChainDecorator.java:241)
	at org.springframework.security.web.ObservationFilterChainDecorator$ObservationFilter.doFilter(ObservationFilterChainDecorator.java:228)
	at org.springframework.security.web.ObservationFilterChainDecorator$VirtualFilterChain.doFilter(ObservationFilterChainDecorator.java:138)
	at org.springframework.security.web.context.request.async.WebAsyncManagerIntegrationFilter.doFilterInternal(WebAsyncManagerIntegrationFilter.java:62)
	at org.springframework.web.filter.OncePerRequestFilter.doFilter(OncePerRequestFilter.java:116)
	at org.springframework.security.web.ObservationFilterChainDecorator$ObservationFilter.wrapFilter(ObservationFilterChainDecorator.java:241)
	at org.springframework.security.web.ObservationFilterChainDecorator$ObservationFilter.doFilter(ObservationFilterChainDecorator.java:228)
	at org.springframework.security.web.ObservationFilterChainDecorator$VirtualFilterChain.doFilter(ObservationFilterChainDecorator.java:138)
	at org.springframework.security.web.session.DisableEncodeUrlFilter.doFilterInternal(DisableEncodeUrlFilter.java:42)
	at org.springframework.web.filter.OncePerRequestFilter.doFilter(OncePerRequestFilter.java:116)
	at org.springframework.security.web.ObservationFilterChainDecorator$ObservationFilter.wrapFilter(ObservationFilterChainDecorator.java:241)
	at org.springframework.security.web.ObservationFilterChainDecorator$AroundFilterObservation$SimpleAroundFilterObservation.lambda$wrap$0(ObservationFilterChainDecorator.java:334)
	at org.springframework.security.web.ObservationFilterChainDecorator$ObservationFilter.doFilter(ObservationFilterChainDecorator.java:225)
	at org.springframework.security.web.ObservationFilterChainDecorator$VirtualFilterChain.doFilter(ObservationFilterChainDecorator.java:138)
	at org.springframework.security.web.FilterChainProxy.doFilterInternal(FilterChainProxy.java:233)
	at org.springframework.security.web.FilterChainProxy.doFilter(FilterChainProxy.java:191)
	at org.springframework.web.filter.CompositeFilter$VirtualFilterChain.doFilter(CompositeFilter.java:113)
	at org.springframework.web.filter.ServletRequestPathFilter.doFilter(ServletRequestPathFilter.java:52)
	at org.springframework.web.filter.CompositeFilter$VirtualFilterChain.doFilter(CompositeFilter.java:113)
	at org.springframework.web.filter.CompositeFilter.doFilter(CompositeFilter.java:74)
	at org.springframework.security.config.annotation.web.configuration.WebSecurityConfiguration$CompositeFilterChainProxy.doFilter(WebSecurityConfiguration.java:319)
	at org.springframework.web.filter.CompositeFilter$VirtualFilterChain.doFilter(CompositeFilter.java:113)
	at org.springframework.web.servlet.handler.HandlerMappingIntrospector.lambda$createCacheFilter$4(HandlerMappingIntrospector.java:267)
	at org.springframework.web.filter.CompositeFilter$VirtualFilterChain.doFilter(CompositeFilter.java:113)
	at org.springframework.web.filter.CompositeFilter.doFilter(CompositeFilter.java:74)
	at org.springframework.security.config.annotation.web.configuration.WebMvcSecurityConfiguration$CompositeFilterChainProxy.doFilter(WebMvcSecurityConfiguration.java:240)
	at org.springframework.web.filter.DelegatingFilterProxy.invokeDelegate(DelegatingFilterProxy.java:362)
	at org.springframework.web.filter.DelegatingFilterProxy.doFilter(DelegatingFilterProxy.java:278)
	at org.apache.catalina.core.ApplicationFilterChain.internalDoFilter(ApplicationFilterChain.java:164)
	at org.apache.catalina.core.ApplicationFilterChain.doFilter(ApplicationFilterChain.java:140)
	at org.springframework.web.filter.RequestContextFilter.doFilterInternal(RequestContextFilter.java:100)
	at org.springframework.web.filter.OncePerRequestFilter.doFilter(OncePerRequestFilter.java:116)
	at org.apache.catalina.core.ApplicationFilterChain.internalDoFilter(ApplicationFilterChain.java:164)
	at org.apache.catalina.core.ApplicationFilterChain.doFilter(ApplicationFilterChain.java:140)
	at org.springframework.web.filter.FormContentFilter.doFilterInternal(FormContentFilter.java:93)
	at org.springframework.web.filter.OncePerRequestFilter.doFilter(OncePerRequestFilter.java:116)
	at org.apache.catalina.core.ApplicationFilterChain.internalDoFilter(ApplicationFilterChain.java:164)
	at org.apache.catalina.core.ApplicationFilterChain.doFilter(ApplicationFilterChain.java:140)
	at org.springframework.web.filter.ServerHttpObservationFilter.doFilterInternal(ServerHttpObservationFilter.java:110)
	at org.springframework.web.filter.OncePerRequestFilter.doFilter(OncePerRequestFilter.java:116)
	at org.apache.catalina.core.ApplicationFilterChain.internalDoFilter(ApplicationFilterChain.java:164)
	at org.apache.catalina.core.ApplicationFilterChain.doFilter(ApplicationFilterChain.java:140)
	at org.springframework.web.filter.CharacterEncodingFilter.doFilterInternal(CharacterEncodingFilter.java:201)
	at org.springframework.web.filter.OncePerRequestFilter.doFilter(OncePerRequestFilter.java:116)
	at org.apache.catalina.core.ApplicationFilterChain.internalDoFilter(ApplicationFilterChain.java:164)
	at org.apache.catalina.core.ApplicationFilterChain.doFilter(ApplicationFilterChain.java:140)
	at org.apache.catalina.core.StandardWrapperValve.invoke(StandardWrapperValve.java:167)
	at org.apache.catalina.core.StandardContextValve.invoke(StandardContextValve.java:90)
	at org.apache.catalina.authenticator.AuthenticatorBase.invoke(AuthenticatorBase.java:483)
	at org.apache.catalina.core.StandardHostValve.invoke(StandardHostValve.java:116)
	at org.apache.catalina.valves.ErrorReportValve.invoke(ErrorReportValve.java:93)
	at org.apache.catalina.core.StandardEngineValve.invoke(StandardEngineValve.java:74)
	at org.apache.catalina.connector.CoyoteAdapter.service(CoyoteAdapter.java:344)
	at org.apache.coyote.http11.Http11Processor.service(Http11Processor.java:398)
	at org.apache.coyote.AbstractProcessorLight.process(AbstractProcessorLight.java:63)
	at org.apache.coyote.AbstractProtocol$ConnectionHandler.process(AbstractProtocol.java:903)
	at org.apache.tomcat.util.net.NioEndpoint$SocketProcessor.doRun(NioEndpoint.java:1776)
	at org.apache.tomcat.util.net.SocketProcessorBase.run(SocketProcessorBase.java:52)
	at org.apache.tomcat.util.threads.ThreadPoolExecutor.runWorker(ThreadPoolExecutor.java:975)
	at org.apache.tomcat.util.threads.ThreadPoolExecutor$Worker.run(ThreadPoolExecutor.java:493)
	at org.apache.tomcat.util.threads.TaskThread$WrappingRunnable.run(TaskThread.java:63)
	at java.base/java.lang.Thread.run(Thread.java:1583)
[32m[2025-10-19 11:00:40,222][INFO][proy01][e.b.p.s.c.AuthController] AUTH - CONTROLLER - REGISTRO[0;39m
[32m[2025-10-19 11:00:40,222][INFO][proy01][e.b.p.s.s.i.UserServiceImpl] AUTH - SERVICE - REGISTRO[0;39m
[32m[2025-10-19 11:39:58,276][INFO][proy01][e.b.p.ProyectoApplication] Starting ProyectoApplication using Java 21.0.8 with PID 261865 (/home/xarrondo/PROYECTOS/proy01-back/target/classes started by xarrondo in /home/xarrondo/PROYECTOS/proy01-back)[0;39m
[32m[2025-10-19 11:39:58,277][INFO][proy01][e.b.p.ProyectoApplication] No active profile set, falling back to 1 default profile: "default"[0;39m
[32m[2025-10-19 11:39:58,741][INFO][proy01][o.s.d.r.c.RepositoryConfigurationDelegate] Bootstrapping Spring Data JPA repositories in DEFAULT mode.[0;39m
[32m[2025-10-19 11:39:58,765][INFO][proy01][o.s.d.r.c.RepositoryConfigurationDelegate] Finished Spring Data repository scanning in 18 ms. Found 2 JPA repository interfaces.[0;39m
[32m[2025-10-19 11:39:58,995][INFO][proy01][o.s.b.w.e.t.TomcatWebServer] Tomcat initialized with port 8080 (http)[0;39m
[32m[2025-10-19 11:39:59,002][INFO][proy01][o.a.c.c.StandardService] Starting service [Tomcat][0;39m
[32m[2025-10-19 11:39:59,002][INFO][proy01][o.a.c.c.StandardEngine] Starting Servlet engine: [Apache Tomcat/10.1.46][0;39m
[32m[2025-10-19 11:39:59,021][INFO][proy01][o.a.c.c.C.[.[.[/]] Initializing Spring embedded WebApplicationContext[0;39m
[32m[2025-10-19 11:39:59,022][INFO][proy01][o.s.b.w.s.c.ServletWebServerApplicationContext] Root WebApplicationContext: initialization completed in 729 ms[0;39m
[32m[2025-10-19 11:39:59,125][INFO][proy01][o.h.j.i.u.LogHelper] HHH000204: Processing PersistenceUnitInfo [name: default][0;39m
[32m[2025-10-19 11:39:59,149][INFO][proy01][o.h.Version] HHH000412: Hibernate ORM core version 6.6.29.Final[0;39m
[32m[2025-10-19 11:39:59,163][INFO][proy01][o.h.c.i.RegionFactoryInitiator] HHH000026: Second-level cache disabled[0;39m
[32m[2025-10-19 11:39:59,275][INFO][proy01][o.s.o.j.p.SpringPersistenceUnitInfo] No LoadTimeWeaver setup: ignoring JPA class transformer[0;39m
[32m[2025-10-19 11:39:59,292][INFO][proy01][c.z.h.HikariDataSource] HikariPool-1 - Starting...[0;39m
[32m[2025-10-19 11:39:59,361][INFO][proy01][c.z.h.p.HikariPool] HikariPool-1 - Added connection org.postgresql.jdbc.PgConnection@6556471b[0;39m
[32m[2025-10-19 11:39:59,362][INFO][proy01][c.z.h.HikariDataSource] HikariPool-1 - Start completed.[0;39m
[32m[2025-10-19 11:39:59,390][INFO][proy01][o.h.o.c.pooling] HHH10001005: Database info:
	Database JDBC URL [Connecting through datasource 'HikariDataSource (HikariPool-1)']
	Database driver: undefined/unknown
	Database version: 16.10
	Autocommit mode: undefined/unknown
	Isolation level: undefined/unknown
	Minimum pool size: undefined/unknown
	Maximum pool size: undefined/unknown[0;39m
[32m[2025-10-19 11:39:59,769][INFO][proy01][o.h.e.t.j.p.i.JtaPlatformInitiator] HHH000489: No JTA platform available (set 'hibernate.transaction.jta.platform' to enable JTA platform integration)[0;39m
[32m[2025-10-19 11:39:59,770][INFO][proy01][o.s.o.j.LocalContainerEntityManagerFactoryBean] Initialized JPA EntityManagerFactory for persistence unit 'default'[0;39m
[32m[2025-10-19 11:40:00,105][INFO][proy01][o.s.b.a.e.w.EndpointLinksResolver] Exposing 1 endpoint beneath base path '/actuator'[0;39m
[33m[2025-10-19 11:40:00,119][WARN][proy01][o.s.b.a.s.s.UserDetailsServiceAutoConfiguration] 

Using generated security password: be267d56-c17a-4630-8dde-ee6ebe404ada

This generated password is for development use only. Your security configuration must be updated before running your application in production.
[0;39m
[32m[2025-10-19 11:40:00,122][INFO][proy01][o.s.s.c.a.a.c.InitializeUserDetailsBeanManagerConfigurer$InitializeUserDetailsManagerConfigurer] Global AuthenticationManager configured with UserDetailsService bean with name inMemoryUserDetailsManager[0;39m
[32m[2025-10-19 11:40:00,345][INFO][proy01][o.s.b.w.e.t.TomcatWebServer] Tomcat started on port 8080 (http) with context path '/'[0;39m
[32m[2025-10-19 11:40:00,353][INFO][proy01][e.b.p.ProyectoApplication] Started ProyectoApplication in 2.301 seconds (process running for 2.669)[0;39m
[32m[2025-10-19 11:40:00,882][INFO][proy01][o.a.c.c.C.[.[.[/]] Initializing Spring DispatcherServlet 'dispatcherServlet'[0;39m
[32m[2025-10-19 11:40:00,882][INFO][proy01][o.s.w.s.DispatcherServlet] Initializing Servlet 'dispatcherServlet'[0;39m
[32m[2025-10-19 11:40:00,883][INFO][proy01][o.s.w.s.DispatcherServlet] Completed initialization in 1 ms[0;39m
[32m[2025-10-19 11:40:34,469][INFO][proy01][e.b.p.s.c.AuthController] AUTH - CONTROLLER - REGISTRO[0;39m
[32m[2025-10-19 11:40:34,469][INFO][proy01][e.b.p.s.s.i.UserServiceImpl] AUTH - SERVICE - REGISTRO[0;39m
[33m[2025-10-19 11:40:34,584][WARN][proy01][o.h.e.j.s.SqlExceptionHelper] SQL Error: 0, SQLState: 42703[0;39m
[31m[2025-10-19 11:40:34,584][ERROR][proy01][o.h.e.j.s.SqlExceptionHelper] ERROR: column "codigo" of relation "codigos_verificacion" does not exist
  Position: 35[0;39m
[31m[2025-10-19 11:40:34,589][ERROR][proy01][e.b.p.a.GlobalExceptionHandler] Error en el path /v1/auth/registro: could not execute statement [ERROR: column "codigo" of relation "codigos_verificacion" does not exist
  Position: 35] [insert into codigos_verificacion (codigo,create_date,expiration_date,user_id) values (?,?,?,?)]; SQL [insert into codigos_verificacion (codigo,create_date,expiration_date,user_id) values (?,?,?,?)][0;39m
org.springframework.dao.InvalidDataAccessResourceUsageException: could not execute statement [ERROR: column "codigo" of relation "codigos_verificacion" does not exist
  Position: 35] [insert into codigos_verificacion (codigo,create_date,expiration_date,user_id) values (?,?,?,?)]; SQL [insert into codigos_verificacion (codigo,create_date,expiration_date,user_id) values (?,?,?,?)]
	at org.springframework.orm.jpa.vendor.HibernateJpaDialect.convertHibernateAccessException(HibernateJpaDialect.java:281)
	at org.springframework.orm.jpa.vendor.HibernateJpaDialect.convertHibernateAccessException(HibernateJpaDialect.java:256)
	at org.springframework.orm.jpa.vendor.HibernateJpaDialect.translateExceptionIfPossible(HibernateJpaDialect.java:241)
	at org.springframework.orm.jpa.AbstractEntityManagerFactoryBean.translateExceptionIfPossible(AbstractEntityManagerFactoryBean.java:560)
	at org.springframework.dao.support.ChainedPersistenceExceptionTranslator.translateExceptionIfPossible(ChainedPersistenceExceptionTranslator.java:61)
	at org.springframework.dao.support.DataAccessUtils.translateIfNecessary(DataAccessUtils.java:343)
	at org.springframework.dao.support.PersistenceExceptionTranslationInterceptor.invoke(PersistenceExceptionTranslationInterceptor.java:160)
	at org.springframework.aop.framework.ReflectiveMethodInvocation.proceed(ReflectiveMethodInvocation.java:184)
	at org.springframework.data.jpa.repository.support.CrudMethodMetadataPostProcessor$CrudMethodMetadataPopulatingMethodInterceptor.invoke(CrudMethodMetadataPostProcessor.java:165)
	at org.springframework.aop.framework.ReflectiveMethodInvocation.proceed(ReflectiveMethodInvocation.java:184)
	at org.springframework.aop.framework.JdkDynamicAopProxy.invoke(JdkDynamicAopProxy.java:223)
	at jdk.proxy2/jdk.proxy2.$Proxy156.save(Unknown Source)
	at eus.birt.proyecto.security.service.impl.UserServiceImpl.registrarUsuario(UserServiceImpl.java:56)
	at eus.birt.proyecto.security.controller.AuthController.registrarUsuario(AuthController.java:40)
	at java.base/jdk.internal.reflect.DirectMethodHandleAccessor.invoke(DirectMethodHandleAccessor.java:103)
	at java.base/java.lang.reflect.Method.invoke(Method.java:580)
	at org.springframework.aop.support.AopUtils.invokeJoinpointUsingReflection(AopUtils.java:360)
	at org.springframework.aop.framework.ReflectiveMethodInvocation.invokeJoinpoint(ReflectiveMethodInvocation.java:196)
	at org.springframework.aop.framework.ReflectiveMethodInvocation.proceed(ReflectiveMethodInvocation.java:163)
	at org.springframework.validation.beanvalidation.MethodValidationInterceptor.invoke(MethodValidationInterceptor.java:174)
	at org.springframework.aop.framework.ReflectiveMethodInvocation.proceed(ReflectiveMethodInvocation.java:184)
	at org.springframework.aop.framework.CglibAopProxy$DynamicAdvisedInterceptor.intercept(CglibAopProxy.java:728)
	at eus.birt.proyecto.security.controller.AuthController$$SpringCGLIB$$0.registrarUsuario(<generated>)
	at java.base/jdk.internal.reflect.DirectMethodHandleAccessor.invoke(DirectMethodHandleAccessor.java:103)
	at java.base/java.lang.reflect.Method.invoke(Method.java:580)
	at org.springframework.web.method.support.InvocableHandlerMethod.doInvoke(InvocableHandlerMethod.java:258)
	at org.springframework.web.method.support.InvocableHandlerMethod.invokeForRequest(InvocableHandlerMethod.java:191)
	at org.springframework.web.servlet.mvc.method.annotation.ServletInvocableHandlerMethod.invokeAndHandle(ServletInvocableHandlerMethod.java:118)
	at org.springframework.web.servlet.mvc.method.annotation.RequestMappingHandlerAdapter.invokeHandlerMethod(RequestMappingHandlerAdapter.java:991)
	at org.springframework.web.servlet.mvc.method.annotation.RequestMappingHandlerAdapter.handleInternal(RequestMappingHandlerAdapter.java:896)
	at org.springframework.web.servlet.mvc.method.AbstractHandlerMethodAdapter.handle(AbstractHandlerMethodAdapter.java:87)
	at org.springframework.web.servlet.DispatcherServlet.doDispatch(DispatcherServlet.java:1089)
	at org.springframework.web.servlet.DispatcherServlet.doService(DispatcherServlet.java:979)
	at org.springframework.web.servlet.FrameworkServlet.processRequest(FrameworkServlet.java:1014)
	at org.springframework.web.servlet.FrameworkServlet.doPost(FrameworkServlet.java:914)
	at jakarta.servlet.http.HttpServlet.service(HttpServlet.java:590)
	at org.springframework.web.servlet.FrameworkServlet.service(FrameworkServlet.java:885)
	at jakarta.servlet.http.HttpServlet.service(HttpServlet.java:658)
	at org.apache.catalina.core.ApplicationFilterChain.internalDoFilter(ApplicationFilterChain.java:195)
	at org.apache.catalina.core.ApplicationFilterChain.doFilter(ApplicationFilterChain.java:140)
	at org.apache.tomcat.websocket.server.WsFilter.doFilter(WsFilter.java:51)
	at org.apache.catalina.core.ApplicationFilterChain.internalDoFilter(ApplicationFilterChain.java:164)
	at org.apache.catalina.core.ApplicationFilterChain.doFilter(ApplicationFilterChain.java:140)
	at org.springframework.web.filter.CompositeFilter$VirtualFilterChain.doFilter(CompositeFilter.java:108)
	at org.springframework.web.filter.CompositeFilter$VirtualFilterChain.doFilter(CompositeFilter.java:108)
	at org.springframework.security.web.FilterChainProxy.lambda$doFilterInternal$3(FilterChainProxy.java:231)
	at org.springframework.security.web.ObservationFilterChainDecorator$FilterObservation$SimpleFilterObservation.lambda$wrap$1(ObservationFilterChainDecorator.java:490)
	at org.springframework.security.web.ObservationFilterChainDecorator$AroundFilterObservation$SimpleAroundFilterObservation.lambda$wrap$1(ObservationFilterChainDecorator.java:351)
	at org.springframework.security.web.ObservationFilterChainDecorator.lambda$wrapSecured$0(ObservationFilterChainDecorator.java:83)
	at org.springframework.security.web.ObservationFilterChainDecorator$VirtualFilterChain.doFilter(ObservationFilterChainDecorator.java:129)
	at org.springframework.security.web.access.intercept.AuthorizationFilter.doFilter(AuthorizationFilter.java:101)
	at org.springframework.security.web.ObservationFilterChainDecorator$ObservationFilter.wrapFilter(ObservationFilterChainDecorator.java:241)
	at org.springframework.security.web.ObservationFilterChainDecorator$ObservationFilter.doFilter(ObservationFilterChainDecorator.java:228)
	at org.springframework.security.web.ObservationFilterChainDecorator$VirtualFilterChain.doFilter(ObservationFilterChainDecorator.java:138)
	at org.springframework.security.web.access.ExceptionTranslationFilter.doFilter(ExceptionTranslationFilter.java:125)
	at org.springframework.security.web.access.ExceptionTranslationFilter.doFilter(ExceptionTranslationFilter.java:119)
	at org.springframework.security.web.ObservationFilterChainDecorator$ObservationFilter.wrapFilter(ObservationFilterChainDecorator.java:241)
	at org.springframework.security.web.ObservationFilterChainDecorator$ObservationFilter.doFilter(ObservationFilterChainDecorator.java:228)
	at org.springframework.security.web.ObservationFilterChainDecorator$VirtualFilterChain.doFilter(ObservationFilterChainDecorator.java:138)
	at org.springframework.security.web.authentication.AnonymousAuthenticationFilter.doFilter(AnonymousAuthenticationFilter.java:100)
	at org.springframework.security.web.ObservationFilterChainDecorator$ObservationFilter.wrapFilter(ObservationFilterChainDecorator.java:241)
	at org.springframework.security.web.ObservationFilterChainDecorator$ObservationFilter.doFilter(ObservationFilterChainDecorator.java:228)
	at org.springframework.security.web.ObservationFilterChainDecorator$VirtualFilterChain.doFilter(ObservationFilterChainDecorator.java:138)
	at org.springframework.security.web.servletapi.SecurityContextHolderAwareRequestFilter.doFilter(SecurityContextHolderAwareRequestFilter.java:179)
	at org.springframework.security.web.ObservationFilterChainDecorator$ObservationFilter.wrapFilter(ObservationFilterChainDecorator.java:241)
	at org.springframework.security.web.ObservationFilterChainDecorator$ObservationFilter.doFilter(ObservationFilterChainDecorator.java:228)
	at org.springframework.security.web.ObservationFilterChainDecorator$VirtualFilterChain.doFilter(ObservationFilterChainDecorator.java:138)
	at org.springframework.security.web.savedrequest.RequestCacheAwareFilter.doFilter(RequestCacheAwareFilter.java:63)
	at org.springframework.security.web.ObservationFilterChainDecorator$ObservationFilter.wrapFilter(ObservationFilterChainDecorator.java:241)
	at org.springframework.security.web.ObservationFilterChainDecorator$ObservationFilter.doFilter(ObservationFilterChainDecorator.java:228)
	at org.springframework.security.web.ObservationFilterChainDecorator$VirtualFilterChain.doFilter(ObservationFilterChainDecorator.java:138)
	at org.springframework.security.web.authentication.logout.LogoutFilter.doFilter(LogoutFilter.java:107)
	at org.springframework.security.web.authentication.logout.LogoutFilter.doFilter(LogoutFilter.java:93)
	at org.springframework.security.web.ObservationFilterChainDecorator$ObservationFilter.wrapFilter(ObservationFilterChainDecorator.java:241)
	at org.springframework.security.web.ObservationFilterChainDecorator$ObservationFilter.doFilter(ObservationFilterChainDecorator.java:228)
	at org.springframework.security.web.ObservationFilterChainDecorator$VirtualFilterChain.doFilter(ObservationFilterChainDecorator.java:138)
	at org.springframework.security.web.header.HeaderWriterFilter.doHeadersAfter(HeaderWriterFilter.java:90)
	at org.springframework.security.web.header.HeaderWriterFilter.doFilterInternal(HeaderWriterFilter.java:75)
	at org.springframework.web.filter.OncePerRequestFilter.doFilter(OncePerRequestFilter.java:116)
	at org.springframework.security.web.ObservationFilterChainDecorator$ObservationFilter.wrapFilter(ObservationFilterChainDecorator.java:241)
	at org.springframework.security.web.ObservationFilterChainDecorator$ObservationFilter.doFilter(ObservationFilterChainDecorator.java:228)
	at org.springframework.security.web.ObservationFilterChainDecorator$VirtualFilterChain.doFilter(ObservationFilterChainDecorator.java:138)
	at org.springframework.security.web.context.SecurityContextHolderFilter.doFilter(SecurityContextHolderFilter.java:82)
	at org.springframework.security.web.context.SecurityContextHolderFilter.doFilter(SecurityContextHolderFilter.java:69)
	at org.springframework.security.web.ObservationFilterChainDecorator$ObservationFilter.wrapFilter(ObservationFilterChainDecorator.java:241)
	at org.springframework.security.web.ObservationFilterChainDecorator$ObservationFilter.doFilter(ObservationFilterChainDecorator.java:228)
	at org.springframework.security.web.ObservationFilterChainDecorator$VirtualFilterChain.doFilter(ObservationFilterChainDecorator.java:138)
	at org.springframework.security.web.context.request.async.WebAsyncManagerIntegrationFilter.doFilterInternal(WebAsyncManagerIntegrationFilter.java:62)
	at org.springframework.web.filter.OncePerRequestFilter.doFilter(OncePerRequestFilter.java:116)
	at org.springframework.security.web.ObservationFilterChainDecorator$ObservationFilter.wrapFilter(ObservationFilterChainDecorator.java:241)
	at org.springframework.security.web.ObservationFilterChainDecorator$ObservationFilter.doFilter(ObservationFilterChainDecorator.java:228)
	at org.springframework.security.web.ObservationFilterChainDecorator$VirtualFilterChain.doFilter(ObservationFilterChainDecorator.java:138)
	at org.springframework.security.web.session.DisableEncodeUrlFilter.doFilterInternal(DisableEncodeUrlFilter.java:42)
	at org.springframework.web.filter.OncePerRequestFilter.doFilter(OncePerRequestFilter.java:116)
	at org.springframework.security.web.ObservationFilterChainDecorator$ObservationFilter.wrapFilter(ObservationFilterChainDecorator.java:241)
	at org.springframework.security.web.ObservationFilterChainDecorator$AroundFilterObservation$SimpleAroundFilterObservation.lambda$wrap$0(ObservationFilterChainDecorator.java:334)
	at org.springframework.security.web.ObservationFilterChainDecorator$ObservationFilter.doFilter(ObservationFilterChainDecorator.java:225)
	at org.springframework.security.web.ObservationFilterChainDecorator$VirtualFilterChain.doFilter(ObservationFilterChainDecorator.java:138)
	at org.springframework.security.web.FilterChainProxy.doFilterInternal(FilterChainProxy.java:233)
	at org.springframework.security.web.FilterChainProxy.doFilter(FilterChainProxy.java:191)
	at org.springframework.web.filter.CompositeFilter$VirtualFilterChain.doFilter(CompositeFilter.java:113)
	at org.springframework.web.filter.ServletRequestPathFilter.doFilter(ServletRequestPathFilter.java:52)
	at org.springframework.web.filter.CompositeFilter$VirtualFilterChain.doFilter(CompositeFilter.java:113)
	at org.springframework.web.filter.CompositeFilter.doFilter(CompositeFilter.java:74)
	at org.springframework.security.config.annotation.web.configuration.WebSecurityConfiguration$CompositeFilterChainProxy.doFilter(WebSecurityConfiguration.java:319)
	at org.springframework.web.filter.CompositeFilter$VirtualFilterChain.doFilter(CompositeFilter.java:113)
	at org.springframework.web.servlet.handler.HandlerMappingIntrospector.lambda$createCacheFilter$4(HandlerMappingIntrospector.java:267)
	at org.springframework.web.filter.CompositeFilter$VirtualFilterChain.doFilter(CompositeFilter.java:113)
	at org.springframework.web.filter.CompositeFilter.doFilter(CompositeFilter.java:74)
	at org.springframework.security.config.annotation.web.configuration.WebMvcSecurityConfiguration$CompositeFilterChainProxy.doFilter(WebMvcSecurityConfiguration.java:240)
	at org.springframework.web.filter.DelegatingFilterProxy.invokeDelegate(DelegatingFilterProxy.java:362)
	at org.springframework.web.filter.DelegatingFilterProxy.doFilter(DelegatingFilterProxy.java:278)
	at org.apache.catalina.core.ApplicationFilterChain.internalDoFilter(ApplicationFilterChain.java:164)
	at org.apache.catalina.core.ApplicationFilterChain.doFilter(ApplicationFilterChain.java:140)
	at org.springframework.web.filter.RequestContextFilter.doFilterInternal(RequestContextFilter.java:100)
	at org.springframework.web.filter.OncePerRequestFilter.doFilter(OncePerRequestFilter.java:116)
	at org.apache.catalina.core.ApplicationFilterChain.internalDoFilter(ApplicationFilterChain.java:164)
	at org.apache.catalina.core.ApplicationFilterChain.doFilter(ApplicationFilterChain.java:140)
	at org.springframework.web.filter.FormContentFilter.doFilterInternal(FormContentFilter.java:93)
	at org.springframework.web.filter.OncePerRequestFilter.doFilter(OncePerRequestFilter.java:116)
	at org.apache.catalina.core.ApplicationFilterChain.internalDoFilter(ApplicationFilterChain.java:164)
	at org.apache.catalina.core.ApplicationFilterChain.doFilter(ApplicationFilterChain.java:140)
	at org.springframework.web.filter.ServerHttpObservationFilter.doFilterInternal(ServerHttpObservationFilter.java:110)
	at org.springframework.web.filter.OncePerRequestFilter.doFilter(OncePerRequestFilter.java:116)
	at org.apache.catalina.core.ApplicationFilterChain.internalDoFilter(ApplicationFilterChain.java:164)
	at org.apache.catalina.core.ApplicationFilterChain.doFilter(ApplicationFilterChain.java:140)
	at org.springframework.web.filter.CharacterEncodingFilter.doFilterInternal(CharacterEncodingFilter.java:201)
	at org.springframework.web.filter.OncePerRequestFilter.doFilter(OncePerRequestFilter.java:116)
	at org.apache.catalina.core.ApplicationFilterChain.internalDoFilter(ApplicationFilterChain.java:164)
	at org.apache.catalina.core.ApplicationFilterChain.doFilter(ApplicationFilterChain.java:140)
	at org.apache.catalina.core.StandardWrapperValve.invoke(StandardWrapperValve.java:167)
	at org.apache.catalina.core.StandardContextValve.invoke(StandardContextValve.java:90)
	at org.apache.catalina.authenticator.AuthenticatorBase.invoke(AuthenticatorBase.java:483)
	at org.apache.catalina.core.StandardHostValve.invoke(StandardHostValve.java:116)
	at org.apache.catalina.valves.ErrorReportValve.invoke(ErrorReportValve.java:93)
	at org.apache.catalina.core.StandardEngineValve.invoke(StandardEngineValve.java:74)
	at org.apache.catalina.connector.CoyoteAdapter.service(CoyoteAdapter.java:344)
	at org.apache.coyote.http11.Http11Processor.service(Http11Processor.java:398)
	at org.apache.coyote.AbstractProcessorLight.process(AbstractProcessorLight.java:63)
	at org.apache.coyote.AbstractProtocol$ConnectionHandler.process(AbstractProtocol.java:903)
	at org.apache.tomcat.util.net.NioEndpoint$SocketProcessor.doRun(NioEndpoint.java:1776)
	at org.apache.tomcat.util.net.SocketProcessorBase.run(SocketProcessorBase.java:52)
	at org.apache.tomcat.util.threads.ThreadPoolExecutor.runWorker(ThreadPoolExecutor.java:975)
	at org.apache.tomcat.util.threads.ThreadPoolExecutor$Worker.run(ThreadPoolExecutor.java:493)
	at org.apache.tomcat.util.threads.TaskThread$WrappingRunnable.run(TaskThread.java:63)
	at java.base/java.lang.Thread.run(Thread.java:1583)
Caused by: org.hibernate.exception.SQLGrammarException: could not execute statement [ERROR: column "codigo" of relation "codigos_verificacion" does not exist
  Position: 35] [insert into codigos_verificacion (codigo,create_date,expiration_date,user_id) values (?,?,?,?)]
	at org.hibernate.exception.internal.SQLStateConversionDelegate.convert(SQLStateConversionDelegate.java:91)
	at org.hibernate.exception.internal.StandardSQLExceptionConverter.convert(StandardSQLExceptionConverter.java:58)
	at org.hibernate.engine.jdbc.spi.SqlExceptionHelper.convert(SqlExceptionHelper.java:108)
	at org.hibernate.engine.jdbc.internal.ResultSetReturnImpl.executeUpdate(ResultSetReturnImpl.java:197)
	at org.hibernate.id.insert.GetGeneratedKeysDelegate.performMutation(GetGeneratedKeysDelegate.java:116)
	at org.hibernate.engine.jdbc.mutation.internal.MutationExecutorSingleNonBatched.performNonBatchedOperations(MutationExecutorSingleNonBatched.java:47)
	at org.hibernate.engine.jdbc.mutation.internal.AbstractMutationExecutor.execute(AbstractMutationExecutor.java:55)
	at org.hibernate.persister.entity.mutation.InsertCoordinatorStandard.doStaticInserts(InsertCoordinatorStandard.java:194)
	at org.hibernate.persister.entity.mutation.InsertCoordinatorStandard.coordinateInsert(InsertCoordinatorStandard.java:132)
	at org.hibernate.persister.entity.mutation.InsertCoordinatorStandard.insert(InsertCoordinatorStandard.java:95)
	at org.hibernate.action.internal.EntityIdentityInsertAction.execute(EntityIdentityInsertAction.java:85)
	at org.hibernate.engine.spi.ActionQueue.execute(ActionQueue.java:682)
	at org.hibernate.engine.spi.ActionQueue.addResolvedEntityInsertAction(ActionQueue.java:293)
	at org.hibernate.engine.spi.ActionQueue.addInsertAction(ActionQueue.java:274)
	at org.hibernate.engine.spi.ActionQueue.addAction(ActionQueue.java:324)
	at org.hibernate.event.internal.AbstractSaveEventListener.addInsertAction(AbstractSaveEventListener.java:394)
	at org.hibernate.event.internal.AbstractSaveEventListener.performSaveOrReplicate(AbstractSaveEventListener.java:308)
	at org.hibernate.event.internal.AbstractSaveEventListener.performSave(AbstractSaveEventListener.java:224)
	at org.hibernate.event.internal.AbstractSaveEventListener.saveWithGeneratedId(AbstractSaveEventListener.java:136)
	at org.hibernate.event.internal.DefaultPersistEventListener.entityIsTransient(DefaultPersistEventListener.java:177)
	at org.hibernate.event.internal.DefaultPersistEventListener.persist(DefaultPersistEventListener.java:95)
	at org.hibernate.event.internal.DefaultPersistEventListener.onPersist(DefaultPersistEventListener.java:79)
	at org.hibernate.event.internal.DefaultPersistEventListener.onPersist(DefaultPersistEventListener.java:55)
	at org.hibernate.event.service.internal.EventListenerGroupImpl.fireEventOnEachListener(EventListenerGroupImpl.java:127)
	at org.hibernate.internal.SessionImpl.firePersist(SessionImpl.java:761)
	at org.hibernate.internal.SessionImpl.persist(SessionImpl.java:745)
	at java.base/jdk.internal.reflect.DirectMethodHandleAccessor.invoke(DirectMethodHandleAccessor.java:103)
	at java.base/java.lang.reflect.Method.invoke(Method.java:580)
	at org.springframework.orm.jpa.SharedEntityManagerCreator$SharedEntityManagerInvocationHandler.invoke(SharedEntityManagerCreator.java:320)
	at jdk.proxy2/jdk.proxy2.$Proxy149.persist(Unknown Source)
	at org.springframework.data.jpa.repository.support.SimpleJpaRepository.save(SimpleJpaRepository.java:654)
	at java.base/jdk.internal.reflect.DirectMethodHandleAccessor.invoke(DirectMethodHandleAccessor.java:103)
	at java.base/java.lang.reflect.Method.invoke(Method.java:580)
	at org.springframework.aop.support.AopUtils.invokeJoinpointUsingReflection(AopUtils.java:360)
	at org.springframework.data.repository.core.support.RepositoryMethodInvoker$RepositoryFragmentMethodInvoker.lambda$new$0(RepositoryMethodInvoker.java:277)
	at org.springframework.data.repository.core.support.RepositoryMethodInvoker.doInvoke(RepositoryMethodInvoker.java:170)
	at org.springframework.data.repository.core.support.RepositoryMethodInvoker.invoke(RepositoryMethodInvoker.java:158)
	at org.springframework.data.repository.core.support.RepositoryComposition$RepositoryFragments.invoke(RepositoryComposition.java:515)
	at org.springframework.data.repository.core.support.RepositoryComposition.invoke(RepositoryComposition.java:284)
	at org.springframework.data.repository.core.support.RepositoryFactorySupport$ImplementationMethodExecutionInterceptor.invoke(RepositoryFactorySupport.java:734)
	at org.springframework.aop.framework.ReflectiveMethodInvocation.proceed(ReflectiveMethodInvocation.java:184)
	at org.springframework.data.repository.core.support.QueryExecutorMethodInterceptor.doInvoke(QueryExecutorMethodInterceptor.java:174)
	at org.springframework.data.repository.core.support.QueryExecutorMethodInterceptor.invoke(QueryExecutorMethodInterceptor.java:149)
	at org.springframework.aop.framework.ReflectiveMethodInvocation.proceed(ReflectiveMethodInvocation.java:184)
	at org.springframework.data.projection.DefaultMethodInvokingMethodInterceptor.invoke(DefaultMethodInvokingMethodInterceptor.java:69)
	at org.springframework.aop.framework.ReflectiveMethodInvocation.proceed(ReflectiveMethodInvocation.java:184)
	at org.springframework.transaction.interceptor.TransactionAspectSupport.invokeWithinTransaction(TransactionAspectSupport.java:380)
	at org.springframework.transaction.interceptor.TransactionInterceptor.invoke(TransactionInterceptor.java:119)
	at org.springframework.aop.framework.ReflectiveMethodInvocation.proceed(ReflectiveMethodInvocation.java:184)
	at org.springframework.dao.support.PersistenceExceptionTranslationInterceptor.invoke(PersistenceExceptionTranslationInterceptor.java:138)
	... 139 common frames omitted
Caused by: org.postgresql.util.PSQLException: ERROR: column "codigo" of relation "codigos_verificacion" does not exist
  Position: 35
	at org.postgresql.core.v3.QueryExecutorImpl.receiveErrorResponse(QueryExecutorImpl.java:2734)
	at org.postgresql.core.v3.QueryExecutorImpl.processResults(QueryExecutorImpl.java:2421)
	at org.postgresql.core.v3.QueryExecutorImpl.execute(QueryExecutorImpl.java:372)
	at org.postgresql.jdbc.PgStatement.executeInternal(PgStatement.java:518)
	at org.postgresql.jdbc.PgStatement.execute(PgStatement.java:435)
	at org.postgresql.jdbc.PgPreparedStatement.executeWithFlags(PgPreparedStatement.java:196)
	at org.postgresql.jdbc.PgPreparedStatement.executeUpdate(PgPreparedStatement.java:157)
	at com.zaxxer.hikari.pool.ProxyPreparedStatement.executeUpdate(ProxyPreparedStatement.java:61)
	at com.zaxxer.hikari.pool.HikariProxyPreparedStatement.executeUpdate(HikariProxyPreparedStatement.java)
	at org.hibernate.engine.jdbc.internal.ResultSetReturnImpl.executeUpdate(ResultSetReturnImpl.java:194)
	... 185 common frames omitted
[32m[2025-10-19 11:41:07,981][INFO][proy01][e.b.p.s.c.AuthController] AUTH - CONTROLLER - REGISTRO[0;39m
[32m[2025-10-19 11:41:07,981][INFO][proy01][e.b.p.s.s.i.UserServiceImpl] AUTH - SERVICE - REGISTRO[0;39m
[31m[2025-10-19 11:41:24,750][ERROR][proy01][e.b.p.a.GlobalExceptionHandler] Error en el path /v1/auth/registro: 409 CONFLICT "Email ya registrado"[0;39m
eus.birt.proyecto.exception.CustomResponseStatusException: 409 CONFLICT "Email ya registrado"
	at eus.birt.proyecto.security.service.impl.UserServiceImpl.registrarUsuario(UserServiceImpl.java:37)
	at eus.birt.proyecto.security.controller.AuthController.registrarUsuario(AuthController.java:40)
	at java.base/jdk.internal.reflect.DirectMethodHandleAccessor.invoke(DirectMethodHandleAccessor.java:103)
	at java.base/java.lang.reflect.Method.invoke(Method.java:580)
	at org.springframework.aop.support.AopUtils.invokeJoinpointUsingReflection(AopUtils.java:360)
	at org.springframework.aop.framework.ReflectiveMethodInvocation.invokeJoinpoint(ReflectiveMethodInvocation.java:196)
	at org.springframework.aop.framework.ReflectiveMethodInvocation.proceed(ReflectiveMethodInvocation.java:163)
	at org.springframework.validation.beanvalidation.MethodValidationInterceptor.invoke(MethodValidationInterceptor.java:174)
	at org.springframework.aop.framework.ReflectiveMethodInvocation.proceed(ReflectiveMethodInvocation.java:184)
	at org.springframework.aop.framework.CglibAopProxy$DynamicAdvisedInterceptor.intercept(CglibAopProxy.java:728)
	at eus.birt.proyecto.security.controller.AuthController$$SpringCGLIB$$0.registrarUsuario(<generated>)
	at java.base/jdk.internal.reflect.DirectMethodHandleAccessor.invoke(DirectMethodHandleAccessor.java:103)
	at java.base/java.lang.reflect.Method.invoke(Method.java:580)
	at org.springframework.web.method.support.InvocableHandlerMethod.doInvoke(InvocableHandlerMethod.java:258)
	at org.springframework.web.method.support.InvocableHandlerMethod.invokeForRequest(InvocableHandlerMethod.java:191)
	at org.springframework.web.servlet.mvc.method.annotation.ServletInvocableHandlerMethod.invokeAndHandle(ServletInvocableHandlerMethod.java:118)
	at org.springframework.web.servlet.mvc.method.annotation.RequestMappingHandlerAdapter.invokeHandlerMethod(RequestMappingHandlerAdapter.java:991)
	at org.springframework.web.servlet.mvc.method.annotation.RequestMappingHandlerAdapter.handleInternal(RequestMappingHandlerAdapter.java:896)
	at org.springframework.web.servlet.mvc.method.AbstractHandlerMethodAdapter.handle(AbstractHandlerMethodAdapter.java:87)
	at org.springframework.web.servlet.DispatcherServlet.doDispatch(DispatcherServlet.java:1089)
	at org.springframework.web.servlet.DispatcherServlet.doService(DispatcherServlet.java:979)
	at org.springframework.web.servlet.FrameworkServlet.processRequest(FrameworkServlet.java:1014)
	at org.springframework.web.servlet.FrameworkServlet.doPost(FrameworkServlet.java:914)
	at jakarta.servlet.http.HttpServlet.service(HttpServlet.java:590)
	at org.springframework.web.servlet.FrameworkServlet.service(FrameworkServlet.java:885)
	at jakarta.servlet.http.HttpServlet.service(HttpServlet.java:658)
	at org.apache.catalina.core.ApplicationFilterChain.internalDoFilter(ApplicationFilterChain.java:195)
	at org.apache.catalina.core.ApplicationFilterChain.doFilter(ApplicationFilterChain.java:140)
	at org.apache.tomcat.websocket.server.WsFilter.doFilter(WsFilter.java:51)
	at org.apache.catalina.core.ApplicationFilterChain.internalDoFilter(ApplicationFilterChain.java:164)
	at org.apache.catalina.core.ApplicationFilterChain.doFilter(ApplicationFilterChain.java:140)
	at org.springframework.web.filter.CompositeFilter$VirtualFilterChain.doFilter(CompositeFilter.java:108)
	at org.springframework.web.filter.CompositeFilter$VirtualFilterChain.doFilter(CompositeFilter.java:108)
	at org.springframework.security.web.FilterChainProxy.lambda$doFilterInternal$3(FilterChainProxy.java:231)
	at org.springframework.security.web.ObservationFilterChainDecorator$FilterObservation$SimpleFilterObservation.lambda$wrap$1(ObservationFilterChainDecorator.java:490)
	at org.springframework.security.web.ObservationFilterChainDecorator$AroundFilterObservation$SimpleAroundFilterObservation.lambda$wrap$1(ObservationFilterChainDecorator.java:351)
	at org.springframework.security.web.ObservationFilterChainDecorator.lambda$wrapSecured$0(ObservationFilterChainDecorator.java:83)
	at org.springframework.security.web.ObservationFilterChainDecorator$VirtualFilterChain.doFilter(ObservationFilterChainDecorator.java:129)
	at org.springframework.security.web.access.intercept.AuthorizationFilter.doFilter(AuthorizationFilter.java:101)
	at org.springframework.security.web.ObservationFilterChainDecorator$ObservationFilter.wrapFilter(ObservationFilterChainDecorator.java:241)
	at org.springframework.security.web.ObservationFilterChainDecorator$ObservationFilter.doFilter(ObservationFilterChainDecorator.java:228)
	at org.springframework.security.web.ObservationFilterChainDecorator$VirtualFilterChain.doFilter(ObservationFilterChainDecorator.java:138)
	at org.springframework.security.web.access.ExceptionTranslationFilter.doFilter(ExceptionTranslationFilter.java:125)
	at org.springframework.security.web.access.ExceptionTranslationFilter.doFilter(ExceptionTranslationFilter.java:119)
	at org.springframework.security.web.ObservationFilterChainDecorator$ObservationFilter.wrapFilter(ObservationFilterChainDecorator.java:241)
	at org.springframework.security.web.ObservationFilterChainDecorator$ObservationFilter.doFilter(ObservationFilterChainDecorator.java:228)
	at org.springframework.security.web.ObservationFilterChainDecorator$VirtualFilterChain.doFilter(ObservationFilterChainDecorator.java:138)
	at org.springframework.security.web.authentication.AnonymousAuthenticationFilter.doFilter(AnonymousAuthenticationFilter.java:100)
	at org.springframework.security.web.ObservationFilterChainDecorator$ObservationFilter.wrapFilter(ObservationFilterChainDecorator.java:241)
	at org.springframework.security.web.ObservationFilterChainDecorator$ObservationFilter.doFilter(ObservationFilterChainDecorator.java:228)
	at org.springframework.security.web.ObservationFilterChainDecorator$VirtualFilterChain.doFilter(ObservationFilterChainDecorator.java:138)
	at org.springframework.security.web.servletapi.SecurityContextHolderAwareRequestFilter.doFilter(SecurityContextHolderAwareRequestFilter.java:179)
	at org.springframework.security.web.ObservationFilterChainDecorator$ObservationFilter.wrapFilter(ObservationFilterChainDecorator.java:241)
	at org.springframework.security.web.ObservationFilterChainDecorator$ObservationFilter.doFilter(ObservationFilterChainDecorator.java:228)
	at org.springframework.security.web.ObservationFilterChainDecorator$VirtualFilterChain.doFilter(ObservationFilterChainDecorator.java:138)
	at org.springframework.security.web.savedrequest.RequestCacheAwareFilter.doFilter(RequestCacheAwareFilter.java:63)
	at org.springframework.security.web.ObservationFilterChainDecorator$ObservationFilter.wrapFilter(ObservationFilterChainDecorator.java:241)
	at org.springframework.security.web.ObservationFilterChainDecorator$ObservationFilter.doFilter(ObservationFilterChainDecorator.java:228)
	at org.springframework.security.web.ObservationFilterChainDecorator$VirtualFilterChain.doFilter(ObservationFilterChainDecorator.java:138)
	at org.springframework.security.web.authentication.logout.LogoutFilter.doFilter(LogoutFilter.java:107)
	at org.springframework.security.web.authentication.logout.LogoutFilter.doFilter(LogoutFilter.java:93)
	at org.springframework.security.web.ObservationFilterChainDecorator$ObservationFilter.wrapFilter(ObservationFilterChainDecorator.java:241)
	at org.springframework.security.web.ObservationFilterChainDecorator$ObservationFilter.doFilter(ObservationFilterChainDecorator.java:228)
	at org.springframework.security.web.ObservationFilterChainDecorator$VirtualFilterChain.doFilter(ObservationFilterChainDecorator.java:138)
	at org.springframework.security.web.header.HeaderWriterFilter.doHeadersAfter(HeaderWriterFilter.java:90)
	at org.springframework.security.web.header.HeaderWriterFilter.doFilterInternal(HeaderWriterFilter.java:75)
	at org.springframework.web.filter.OncePerRequestFilter.doFilter(OncePerRequestFilter.java:116)
	at org.springframework.security.web.ObservationFilterChainDecorator$ObservationFilter.wrapFilter(ObservationFilterChainDecorator.java:241)
	at org.springframework.security.web.ObservationFilterChainDecorator$ObservationFilter.doFilter(ObservationFilterChainDecorator.java:228)
	at org.springframework.security.web.ObservationFilterChainDecorator$VirtualFilterChain.doFilter(ObservationFilterChainDecorator.java:138)
	at org.springframework.security.web.context.SecurityContextHolderFilter.doFilter(SecurityContextHolderFilter.java:82)
	at org.springframework.security.web.context.SecurityContextHolderFilter.doFilter(SecurityContextHolderFilter.java:69)
	at org.springframework.security.web.ObservationFilterChainDecorator$ObservationFilter.wrapFilter(ObservationFilterChainDecorator.java:241)
	at org.springframework.security.web.ObservationFilterChainDecorator$ObservationFilter.doFilter(ObservationFilterChainDecorator.java:228)
	at org.springframework.security.web.ObservationFilterChainDecorator$VirtualFilterChain.doFilter(ObservationFilterChainDecorator.java:138)
	at org.springframework.security.web.context.request.async.WebAsyncManagerIntegrationFilter.doFilterInternal(WebAsyncManagerIntegrationFilter.java:62)
	at org.springframework.web.filter.OncePerRequestFilter.doFilter(OncePerRequestFilter.java:116)
	at org.springframework.security.web.ObservationFilterChainDecorator$ObservationFilter.wrapFilter(ObservationFilterChainDecorator.java:241)
	at org.springframework.security.web.ObservationFilterChainDecorator$ObservationFilter.doFilter(ObservationFilterChainDecorator.java:228)
	at org.springframework.security.web.ObservationFilterChainDecorator$VirtualFilterChain.doFilter(ObservationFilterChainDecorator.java:138)
	at org.springframework.security.web.session.DisableEncodeUrlFilter.doFilterInternal(DisableEncodeUrlFilter.java:42)
	at org.springframework.web.filter.OncePerRequestFilter.doFilter(OncePerRequestFilter.java:116)
	at org.springframework.security.web.ObservationFilterChainDecorator$ObservationFilter.wrapFilter(ObservationFilterChainDecorator.java:241)
	at org.springframework.security.web.ObservationFilterChainDecorator$AroundFilterObservation$SimpleAroundFilterObservation.lambda$wrap$0(ObservationFilterChainDecorator.java:334)
	at org.springframework.security.web.ObservationFilterChainDecorator$ObservationFilter.doFilter(ObservationFilterChainDecorator.java:225)
	at org.springframework.security.web.ObservationFilterChainDecorator$VirtualFilterChain.doFilter(ObservationFilterChainDecorator.java:138)
	at org.springframework.security.web.FilterChainProxy.doFilterInternal(FilterChainProxy.java:233)
	at org.springframework.security.web.FilterChainProxy.doFilter(FilterChainProxy.java:191)
	at org.springframework.web.filter.CompositeFilter$VirtualFilterChain.doFilter(CompositeFilter.java:113)
	at org.springframework.web.filter.ServletRequestPathFilter.doFilter(ServletRequestPathFilter.java:52)
	at org.springframework.web.filter.CompositeFilter$VirtualFilterChain.doFilter(CompositeFilter.java:113)
	at org.springframework.web.filter.CompositeFilter.doFilter(CompositeFilter.java:74)
	at org.springframework.security.config.annotation.web.configuration.WebSecurityConfiguration$CompositeFilterChainProxy.doFilter(WebSecurityConfiguration.java:319)
	at org.springframework.web.filter.CompositeFilter$VirtualFilterChain.doFilter(CompositeFilter.java:113)
	at org.springframework.web.servlet.handler.HandlerMappingIntrospector.lambda$createCacheFilter$4(HandlerMappingIntrospector.java:267)
	at org.springframework.web.filter.CompositeFilter$VirtualFilterChain.doFilter(CompositeFilter.java:113)
	at org.springframework.web.filter.CompositeFilter.doFilter(CompositeFilter.java:74)
	at org.springframework.security.config.annotation.web.configuration.WebMvcSecurityConfiguration$CompositeFilterChainProxy.doFilter(WebMvcSecurityConfiguration.java:240)
	at org.springframework.web.filter.DelegatingFilterProxy.invokeDelegate(DelegatingFilterProxy.java:362)
	at org.springframework.web.filter.DelegatingFilterProxy.doFilter(DelegatingFilterProxy.java:278)
	at org.apache.catalina.core.ApplicationFilterChain.internalDoFilter(ApplicationFilterChain.java:164)
	at org.apache.catalina.core.ApplicationFilterChain.doFilter(ApplicationFilterChain.java:140)
	at org.springframework.web.filter.RequestContextFilter.doFilterInternal(RequestContextFilter.java:100)
	at org.springframework.web.filter.OncePerRequestFilter.doFilter(OncePerRequestFilter.java:116)
	at org.apache.catalina.core.ApplicationFilterChain.internalDoFilter(ApplicationFilterChain.java:164)
	at org.apache.catalina.core.ApplicationFilterChain.doFilter(ApplicationFilterChain.java:140)
	at org.springframework.web.filter.FormContentFilter.doFilterInternal(FormContentFilter.java:93)
	at org.springframework.web.filter.OncePerRequestFilter.doFilter(OncePerRequestFilter.java:116)
	at org.apache.catalina.core.ApplicationFilterChain.internalDoFilter(ApplicationFilterChain.java:164)
	at org.apache.catalina.core.ApplicationFilterChain.doFilter(ApplicationFilterChain.java:140)
	at org.springframework.web.filter.ServerHttpObservationFilter.doFilterInternal(ServerHttpObservationFilter.java:110)
	at org.springframework.web.filter.OncePerRequestFilter.doFilter(OncePerRequestFilter.java:116)
	at org.apache.catalina.core.ApplicationFilterChain.internalDoFilter(ApplicationFilterChain.java:164)
	at org.apache.catalina.core.ApplicationFilterChain.doFilter(ApplicationFilterChain.java:140)
	at org.springframework.web.filter.CharacterEncodingFilter.doFilterInternal(CharacterEncodingFilter.java:201)
	at org.springframework.web.filter.OncePerRequestFilter.doFilter(OncePerRequestFilter.java:116)
	at org.apache.catalina.core.ApplicationFilterChain.internalDoFilter(ApplicationFilterChain.java:164)
	at org.apache.catalina.core.ApplicationFilterChain.doFilter(ApplicationFilterChain.java:140)
	at org.apache.catalina.core.StandardWrapperValve.invoke(StandardWrapperValve.java:167)
	at org.apache.catalina.core.StandardContextValve.invoke(StandardContextValve.java:90)
	at org.apache.catalina.authenticator.AuthenticatorBase.invoke(AuthenticatorBase.java:483)
	at org.apache.catalina.core.StandardHostValve.invoke(StandardHostValve.java:116)
	at org.apache.catalina.valves.ErrorReportValve.invoke(ErrorReportValve.java:93)
	at org.apache.catalina.core.StandardEngineValve.invoke(StandardEngineValve.java:74)
	at org.apache.catalina.connector.CoyoteAdapter.service(CoyoteAdapter.java:344)
	at org.apache.coyote.http11.Http11Processor.service(Http11Processor.java:398)
	at org.apache.coyote.AbstractProcessorLight.process(AbstractProcessorLight.java:63)
	at org.apache.coyote.AbstractProtocol$ConnectionHandler.process(AbstractProtocol.java:903)
	at org.apache.tomcat.util.net.NioEndpoint$SocketProcessor.doRun(NioEndpoint.java:1776)
	at org.apache.tomcat.util.net.SocketProcessorBase.run(SocketProcessorBase.java:52)
	at org.apache.tomcat.util.threads.ThreadPoolExecutor.runWorker(ThreadPoolExecutor.java:975)
	at org.apache.tomcat.util.threads.ThreadPoolExecutor$Worker.run(ThreadPoolExecutor.java:493)
	at org.apache.tomcat.util.threads.TaskThread$WrappingRunnable.run(TaskThread.java:63)
	at java.base/java.lang.Thread.run(Thread.java:1583)
[32m[2025-10-19 11:42:35,771][INFO][proy01][e.b.p.ProyectoApplication] Starting ProyectoApplication using Java 21.0.8 with PID 262172 (/home/xarrondo/PROYECTOS/proy01-back/target/classes started by xarrondo in /home/xarrondo/PROYECTOS/proy01-back)[0;39m
[32m[2025-10-19 11:42:35,771][INFO][proy01][e.b.p.ProyectoApplication] No active profile set, falling back to 1 default profile: "default"[0;39m
[32m[2025-10-19 11:42:36,226][INFO][proy01][o.s.d.r.c.RepositoryConfigurationDelegate] Bootstrapping Spring Data JPA repositories in DEFAULT mode.[0;39m
[32m[2025-10-19 11:42:36,249][INFO][proy01][o.s.d.r.c.RepositoryConfigurationDelegate] Finished Spring Data repository scanning in 18 ms. Found 2 JPA repository interfaces.[0;39m
[32m[2025-10-19 11:42:36,468][INFO][proy01][o.s.b.w.e.t.TomcatWebServer] Tomcat initialized with port 8080 (http)[0;39m
[32m[2025-10-19 11:42:36,474][INFO][proy01][o.a.c.c.StandardService] Starting service [Tomcat][0;39m
[32m[2025-10-19 11:42:36,474][INFO][proy01][o.a.c.c.StandardEngine] Starting Servlet engine: [Apache Tomcat/10.1.46][0;39m
[32m[2025-10-19 11:42:36,494][INFO][proy01][o.a.c.c.C.[.[.[/]] Initializing Spring embedded WebApplicationContext[0;39m
[32m[2025-10-19 11:42:36,494][INFO][proy01][o.s.b.w.s.c.ServletWebServerApplicationContext] Root WebApplicationContext: initialization completed in 704 ms[0;39m
[32m[2025-10-19 11:42:36,603][INFO][proy01][o.h.j.i.u.LogHelper] HHH000204: Processing PersistenceUnitInfo [name: default][0;39m
[32m[2025-10-19 11:42:36,624][INFO][proy01][o.h.Version] HHH000412: Hibernate ORM core version 6.6.29.Final[0;39m
[32m[2025-10-19 11:42:36,637][INFO][proy01][o.h.c.i.RegionFactoryInitiator] HHH000026: Second-level cache disabled[0;39m
[32m[2025-10-19 11:42:36,751][INFO][proy01][o.s.o.j.p.SpringPersistenceUnitInfo] No LoadTimeWeaver setup: ignoring JPA class transformer[0;39m
[32m[2025-10-19 11:42:36,764][INFO][proy01][c.z.h.HikariDataSource] HikariPool-1 - Starting...[0;39m
[32m[2025-10-19 11:42:36,831][INFO][proy01][c.z.h.p.HikariPool] HikariPool-1 - Added connection org.postgresql.jdbc.PgConnection@7865cc83[0;39m
[32m[2025-10-19 11:42:36,832][INFO][proy01][c.z.h.HikariDataSource] HikariPool-1 - Start completed.[0;39m
[32m[2025-10-19 11:42:36,864][INFO][proy01][o.h.o.c.pooling] HHH10001005: Database info:
	Database JDBC URL [Connecting through datasource 'HikariDataSource (HikariPool-1)']
	Database driver: undefined/unknown
	Database version: 16.10
	Autocommit mode: undefined/unknown
	Isolation level: undefined/unknown
	Minimum pool size: undefined/unknown
	Maximum pool size: undefined/unknown[0;39m
[32m[2025-10-19 11:42:37,226][INFO][proy01][o.h.e.t.j.p.i.JtaPlatformInitiator] HHH000489: No JTA platform available (set 'hibernate.transaction.jta.platform' to enable JTA platform integration)[0;39m
[32m[2025-10-19 11:42:37,227][INFO][proy01][o.s.o.j.LocalContainerEntityManagerFactoryBean] Initialized JPA EntityManagerFactory for persistence unit 'default'[0;39m
[32m[2025-10-19 11:42:37,570][INFO][proy01][o.s.b.a.e.w.EndpointLinksResolver] Exposing 1 endpoint beneath base path '/actuator'[0;39m
[33m[2025-10-19 11:42:37,584][WARN][proy01][o.s.b.a.s.s.UserDetailsServiceAutoConfiguration] 

Using generated security password: f6054996-982d-4dab-acf4-58a4dca0a59b

This generated password is for development use only. Your security configuration must be updated before running your application in production.
[0;39m
[32m[2025-10-19 11:42:37,591][INFO][proy01][o.s.s.c.a.a.c.InitializeUserDetailsBeanManagerConfigurer$InitializeUserDetailsManagerConfigurer] Global AuthenticationManager configured with UserDetailsService bean with name inMemoryUserDetailsManager[0;39m
[32m[2025-10-19 11:42:37,811][INFO][proy01][o.s.b.w.e.t.TomcatWebServer] Tomcat started on port 8080 (http) with context path '/'[0;39m
[32m[2025-10-19 11:42:37,818][INFO][proy01][e.b.p.ProyectoApplication] Started ProyectoApplication in 2.271 seconds (process running for 2.623)[0;39m
[32m[2025-10-19 11:42:37,903][INFO][proy01][o.a.c.c.C.[.[.[/]] Initializing Spring DispatcherServlet 'dispatcherServlet'[0;39m
[32m[2025-10-19 11:42:37,903][INFO][proy01][o.s.w.s.DispatcherServlet] Initializing Servlet 'dispatcherServlet'[0;39m
[32m[2025-10-19 11:42:37,903][INFO][proy01][o.s.w.s.DispatcherServlet] Completed initialization in 0 ms[0;39m
[32m[2025-10-19 11:42:40,996][INFO][proy01][e.b.p.s.c.AuthController] AUTH - CONTROLLER - REGISTRO[0;39m
[32m[2025-10-19 11:42:40,996][INFO][proy01][e.b.p.s.s.i.UserServiceImpl] AUTH - SERVICE - REGISTRO[0;39m
[33m[2025-10-19 11:42:41,115][WARN][proy01][o.h.e.j.s.SqlExceptionHelper] SQL Error: 0, SQLState: 42703[0;39m
[31m[2025-10-19 11:42:41,115][ERROR][proy01][o.h.e.j.s.SqlExceptionHelper] ERROR: column "codigo" of relation "codigos_verificacion" does not exist
  Position: 35[0;39m
[31m[2025-10-19 11:42:57,083][ERROR][proy01][e.b.p.a.GlobalExceptionHandler] Error en el path /v1/auth/registro: could not execute statement [ERROR: column "codigo" of relation "codigos_verificacion" does not exist
  Position: 35] [insert into codigos_verificacion (codigo,create_date,expiration_date,user_id) values (?,?,?,?)]; SQL [insert into codigos_verificacion (codigo,create_date,expiration_date,user_id) values (?,?,?,?)][0;39m
org.springframework.dao.InvalidDataAccessResourceUsageException: could not execute statement [ERROR: column "codigo" of relation "codigos_verificacion" does not exist
  Position: 35] [insert into codigos_verificacion (codigo,create_date,expiration_date,user_id) values (?,?,?,?)]; SQL [insert into codigos_verificacion (codigo,create_date,expiration_date,user_id) values (?,?,?,?)]
	at org.springframework.orm.jpa.vendor.HibernateJpaDialect.convertHibernateAccessException(HibernateJpaDialect.java:281)
	at org.springframework.orm.jpa.vendor.HibernateJpaDialect.convertHibernateAccessException(HibernateJpaDialect.java:256)
	at org.springframework.orm.jpa.vendor.HibernateJpaDialect.translateExceptionIfPossible(HibernateJpaDialect.java:241)
	at org.springframework.orm.jpa.AbstractEntityManagerFactoryBean.translateExceptionIfPossible(AbstractEntityManagerFactoryBean.java:560)
	at org.springframework.dao.support.ChainedPersistenceExceptionTranslator.translateExceptionIfPossible(ChainedPersistenceExceptionTranslator.java:61)
	at org.springframework.dao.support.DataAccessUtils.translateIfNecessary(DataAccessUtils.java:343)
	at org.springframework.dao.support.PersistenceExceptionTranslationInterceptor.invoke(PersistenceExceptionTranslationInterceptor.java:160)
	at org.springframework.aop.framework.ReflectiveMethodInvocation.proceed(ReflectiveMethodInvocation.java:184)
	at org.springframework.data.jpa.repository.support.CrudMethodMetadataPostProcessor$CrudMethodMetadataPopulatingMethodInterceptor.invoke(CrudMethodMetadataPostProcessor.java:165)
	at org.springframework.aop.framework.ReflectiveMethodInvocation.proceed(ReflectiveMethodInvocation.java:184)
	at org.springframework.aop.framework.JdkDynamicAopProxy.invoke(JdkDynamicAopProxy.java:223)
	at jdk.proxy2/jdk.proxy2.$Proxy156.save(Unknown Source)
	at eus.birt.proyecto.security.service.impl.UserServiceImpl.registrarUsuario(UserServiceImpl.java:56)
	at eus.birt.proyecto.security.controller.AuthController.registrarUsuario(AuthController.java:40)
	at java.base/jdk.internal.reflect.DirectMethodHandleAccessor.invoke(DirectMethodHandleAccessor.java:103)
	at java.base/java.lang.reflect.Method.invoke(Method.java:580)
	at org.springframework.aop.support.AopUtils.invokeJoinpointUsingReflection(AopUtils.java:360)
	at org.springframework.aop.framework.ReflectiveMethodInvocation.invokeJoinpoint(ReflectiveMethodInvocation.java:196)
	at org.springframework.aop.framework.ReflectiveMethodInvocation.proceed(ReflectiveMethodInvocation.java:163)
	at org.springframework.validation.beanvalidation.MethodValidationInterceptor.invoke(MethodValidationInterceptor.java:174)
	at org.springframework.aop.framework.ReflectiveMethodInvocation.proceed(ReflectiveMethodInvocation.java:184)
	at org.springframework.aop.framework.CglibAopProxy$DynamicAdvisedInterceptor.intercept(CglibAopProxy.java:728)
	at eus.birt.proyecto.security.controller.AuthController$$SpringCGLIB$$0.registrarUsuario(<generated>)
	at java.base/jdk.internal.reflect.DirectMethodHandleAccessor.invoke(DirectMethodHandleAccessor.java:103)
	at java.base/java.lang.reflect.Method.invoke(Method.java:580)
	at org.springframework.web.method.support.InvocableHandlerMethod.doInvoke(InvocableHandlerMethod.java:258)
	at org.springframework.web.method.support.InvocableHandlerMethod.invokeForRequest(InvocableHandlerMethod.java:191)
	at org.springframework.web.servlet.mvc.method.annotation.ServletInvocableHandlerMethod.invokeAndHandle(ServletInvocableHandlerMethod.java:118)
	at org.springframework.web.servlet.mvc.method.annotation.RequestMappingHandlerAdapter.invokeHandlerMethod(RequestMappingHandlerAdapter.java:991)
	at org.springframework.web.servlet.mvc.method.annotation.RequestMappingHandlerAdapter.handleInternal(RequestMappingHandlerAdapter.java:896)
	at org.springframework.web.servlet.mvc.method.AbstractHandlerMethodAdapter.handle(AbstractHandlerMethodAdapter.java:87)
	at org.springframework.web.servlet.DispatcherServlet.doDispatch(DispatcherServlet.java:1089)
	at org.springframework.web.servlet.DispatcherServlet.doService(DispatcherServlet.java:979)
	at org.springframework.web.servlet.FrameworkServlet.processRequest(FrameworkServlet.java:1014)
	at org.springframework.web.servlet.FrameworkServlet.doPost(FrameworkServlet.java:914)
	at jakarta.servlet.http.HttpServlet.service(HttpServlet.java:590)
	at org.springframework.web.servlet.FrameworkServlet.service(FrameworkServlet.java:885)
	at jakarta.servlet.http.HttpServlet.service(HttpServlet.java:658)
	at org.apache.catalina.core.ApplicationFilterChain.internalDoFilter(ApplicationFilterChain.java:195)
	at org.apache.catalina.core.ApplicationFilterChain.doFilter(ApplicationFilterChain.java:140)
	at org.apache.tomcat.websocket.server.WsFilter.doFilter(WsFilter.java:51)
	at org.apache.catalina.core.ApplicationFilterChain.internalDoFilter(ApplicationFilterChain.java:164)
	at org.apache.catalina.core.ApplicationFilterChain.doFilter(ApplicationFilterChain.java:140)
	at org.springframework.web.filter.CompositeFilter$VirtualFilterChain.doFilter(CompositeFilter.java:108)
	at org.springframework.web.filter.CompositeFilter$VirtualFilterChain.doFilter(CompositeFilter.java:108)
	at org.springframework.security.web.FilterChainProxy.lambda$doFilterInternal$3(FilterChainProxy.java:231)
	at org.springframework.security.web.ObservationFilterChainDecorator$FilterObservation$SimpleFilterObservation.lambda$wrap$1(ObservationFilterChainDecorator.java:490)
	at org.springframework.security.web.ObservationFilterChainDecorator$AroundFilterObservation$SimpleAroundFilterObservation.lambda$wrap$1(ObservationFilterChainDecorator.java:351)
	at org.springframework.security.web.ObservationFilterChainDecorator.lambda$wrapSecured$0(ObservationFilterChainDecorator.java:83)
	at org.springframework.security.web.ObservationFilterChainDecorator$VirtualFilterChain.doFilter(ObservationFilterChainDecorator.java:129)
	at org.springframework.security.web.access.intercept.AuthorizationFilter.doFilter(AuthorizationFilter.java:101)
	at org.springframework.security.web.ObservationFilterChainDecorator$ObservationFilter.wrapFilter(ObservationFilterChainDecorator.java:241)
	at org.springframework.security.web.ObservationFilterChainDecorator$ObservationFilter.doFilter(ObservationFilterChainDecorator.java:228)
	at org.springframework.security.web.ObservationFilterChainDecorator$VirtualFilterChain.doFilter(ObservationFilterChainDecorator.java:138)
	at org.springframework.security.web.access.ExceptionTranslationFilter.doFilter(ExceptionTranslationFilter.java:125)
	at org.springframework.security.web.access.ExceptionTranslationFilter.doFilter(ExceptionTranslationFilter.java:119)
	at org.springframework.security.web.ObservationFilterChainDecorator$ObservationFilter.wrapFilter(ObservationFilterChainDecorator.java:241)
	at org.springframework.security.web.ObservationFilterChainDecorator$ObservationFilter.doFilter(ObservationFilterChainDecorator.java:228)
	at org.springframework.security.web.ObservationFilterChainDecorator$VirtualFilterChain.doFilter(ObservationFilterChainDecorator.java:138)
	at org.springframework.security.web.authentication.AnonymousAuthenticationFilter.doFilter(AnonymousAuthenticationFilter.java:100)
	at org.springframework.security.web.ObservationFilterChainDecorator$ObservationFilter.wrapFilter(ObservationFilterChainDecorator.java:241)
	at org.springframework.security.web.ObservationFilterChainDecorator$ObservationFilter.doFilter(ObservationFilterChainDecorator.java:228)
	at org.springframework.security.web.ObservationFilterChainDecorator$VirtualFilterChain.doFilter(ObservationFilterChainDecorator.java:138)
	at org.springframework.security.web.servletapi.SecurityContextHolderAwareRequestFilter.doFilter(SecurityContextHolderAwareRequestFilter.java:179)
	at org.springframework.security.web.ObservationFilterChainDecorator$ObservationFilter.wrapFilter(ObservationFilterChainDecorator.java:241)
	at org.springframework.security.web.ObservationFilterChainDecorator$ObservationFilter.doFilter(ObservationFilterChainDecorator.java:228)
	at org.springframework.security.web.ObservationFilterChainDecorator$VirtualFilterChain.doFilter(ObservationFilterChainDecorator.java:138)
	at org.springframework.security.web.savedrequest.RequestCacheAwareFilter.doFilter(RequestCacheAwareFilter.java:63)
	at org.springframework.security.web.ObservationFilterChainDecorator$ObservationFilter.wrapFilter(ObservationFilterChainDecorator.java:241)
	at org.springframework.security.web.ObservationFilterChainDecorator$ObservationFilter.doFilter(ObservationFilterChainDecorator.java:228)
	at org.springframework.security.web.ObservationFilterChainDecorator$VirtualFilterChain.doFilter(ObservationFilterChainDecorator.java:138)
	at org.springframework.security.web.authentication.logout.LogoutFilter.doFilter(LogoutFilter.java:107)
	at org.springframework.security.web.authentication.logout.LogoutFilter.doFilter(LogoutFilter.java:93)
	at org.springframework.security.web.ObservationFilterChainDecorator$ObservationFilter.wrapFilter(ObservationFilterChainDecorator.java:241)
	at org.springframework.security.web.ObservationFilterChainDecorator$ObservationFilter.doFilter(ObservationFilterChainDecorator.java:228)
	at org.springframework.security.web.ObservationFilterChainDecorator$VirtualFilterChain.doFilter(ObservationFilterChainDecorator.java:138)
	at org.springframework.security.web.header.HeaderWriterFilter.doHeadersAfter(HeaderWriterFilter.java:90)
	at org.springframework.security.web.header.HeaderWriterFilter.doFilterInternal(HeaderWriterFilter.java:75)
	at org.springframework.web.filter.OncePerRequestFilter.doFilter(OncePerRequestFilter.java:116)
	at org.springframework.security.web.ObservationFilterChainDecorator$ObservationFilter.wrapFilter(ObservationFilterChainDecorator.java:241)
	at org.springframework.security.web.ObservationFilterChainDecorator$ObservationFilter.doFilter(ObservationFilterChainDecorator.java:228)
	at org.springframework.security.web.ObservationFilterChainDecorator$VirtualFilterChain.doFilter(ObservationFilterChainDecorator.java:138)
	at org.springframework.security.web.context.SecurityContextHolderFilter.doFilter(SecurityContextHolderFilter.java:82)
	at org.springframework.security.web.context.SecurityContextHolderFilter.doFilter(SecurityContextHolderFilter.java:69)
	at org.springframework.security.web.ObservationFilterChainDecorator$ObservationFilter.wrapFilter(ObservationFilterChainDecorator.java:241)
	at org.springframework.security.web.ObservationFilterChainDecorator$ObservationFilter.doFilter(ObservationFilterChainDecorator.java:228)
	at org.springframework.security.web.ObservationFilterChainDecorator$VirtualFilterChain.doFilter(ObservationFilterChainDecorator.java:138)
	at org.springframework.security.web.context.request.async.WebAsyncManagerIntegrationFilter.doFilterInternal(WebAsyncManagerIntegrationFilter.java:62)
	at org.springframework.web.filter.OncePerRequestFilter.doFilter(OncePerRequestFilter.java:116)
	at org.springframework.security.web.ObservationFilterChainDecorator$ObservationFilter.wrapFilter(ObservationFilterChainDecorator.java:241)
	at org.springframework.security.web.ObservationFilterChainDecorator$ObservationFilter.doFilter(ObservationFilterChainDecorator.java:228)
	at org.springframework.security.web.ObservationFilterChainDecorator$VirtualFilterChain.doFilter(ObservationFilterChainDecorator.java:138)
	at org.springframework.security.web.session.DisableEncodeUrlFilter.doFilterInternal(DisableEncodeUrlFilter.java:42)
	at org.springframework.web.filter.OncePerRequestFilter.doFilter(OncePerRequestFilter.java:116)
	at org.springframework.security.web.ObservationFilterChainDecorator$ObservationFilter.wrapFilter(ObservationFilterChainDecorator.java:241)
	at org.springframework.security.web.ObservationFilterChainDecorator$AroundFilterObservation$SimpleAroundFilterObservation.lambda$wrap$0(ObservationFilterChainDecorator.java:334)
	at org.springframework.security.web.ObservationFilterChainDecorator$ObservationFilter.doFilter(ObservationFilterChainDecorator.java:225)
	at org.springframework.security.web.ObservationFilterChainDecorator$VirtualFilterChain.doFilter(ObservationFilterChainDecorator.java:138)
	at org.springframework.security.web.FilterChainProxy.doFilterInternal(FilterChainProxy.java:233)
	at org.springframework.security.web.FilterChainProxy.doFilter(FilterChainProxy.java:191)
	at org.springframework.web.filter.CompositeFilter$VirtualFilterChain.doFilter(CompositeFilter.java:113)
	at org.springframework.web.filter.ServletRequestPathFilter.doFilter(ServletRequestPathFilter.java:52)
	at org.springframework.web.filter.CompositeFilter$VirtualFilterChain.doFilter(CompositeFilter.java:113)
	at org.springframework.web.filter.CompositeFilter.doFilter(CompositeFilter.java:74)
	at org.springframework.security.config.annotation.web.configuration.WebSecurityConfiguration$CompositeFilterChainProxy.doFilter(WebSecurityConfiguration.java:319)
	at org.springframework.web.filter.CompositeFilter$VirtualFilterChain.doFilter(CompositeFilter.java:113)
	at org.springframework.web.servlet.handler.HandlerMappingIntrospector.lambda$createCacheFilter$4(HandlerMappingIntrospector.java:267)
	at org.springframework.web.filter.CompositeFilter$VirtualFilterChain.doFilter(CompositeFilter.java:113)
	at org.springframework.web.filter.CompositeFilter.doFilter(CompositeFilter.java:74)
	at org.springframework.security.config.annotation.web.configuration.WebMvcSecurityConfiguration$CompositeFilterChainProxy.doFilter(WebMvcSecurityConfiguration.java:240)
	at org.springframework.web.filter.DelegatingFilterProxy.invokeDelegate(DelegatingFilterProxy.java:362)
	at org.springframework.web.filter.DelegatingFilterProxy.doFilter(DelegatingFilterProxy.java:278)
	at org.apache.catalina.core.ApplicationFilterChain.internalDoFilter(ApplicationFilterChain.java:164)
	at org.apache.catalina.core.ApplicationFilterChain.doFilter(ApplicationFilterChain.java:140)
	at org.springframework.web.filter.RequestContextFilter.doFilterInternal(RequestContextFilter.java:100)
	at org.springframework.web.filter.OncePerRequestFilter.doFilter(OncePerRequestFilter.java:116)
	at org.apache.catalina.core.ApplicationFilterChain.internalDoFilter(ApplicationFilterChain.java:164)
	at org.apache.catalina.core.ApplicationFilterChain.doFilter(ApplicationFilterChain.java:140)
	at org.springframework.web.filter.FormContentFilter.doFilterInternal(FormContentFilter.java:93)
	at org.springframework.web.filter.OncePerRequestFilter.doFilter(OncePerRequestFilter.java:116)
	at org.apache.catalina.core.ApplicationFilterChain.internalDoFilter(ApplicationFilterChain.java:164)
	at org.apache.catalina.core.ApplicationFilterChain.doFilter(ApplicationFilterChain.java:140)
	at org.springframework.web.filter.ServerHttpObservationFilter.doFilterInternal(ServerHttpObservationFilter.java:110)
	at org.springframework.web.filter.OncePerRequestFilter.doFilter(OncePerRequestFilter.java:116)
	at org.apache.catalina.core.ApplicationFilterChain.internalDoFilter(ApplicationFilterChain.java:164)
	at org.apache.catalina.core.ApplicationFilterChain.doFilter(ApplicationFilterChain.java:140)
	at org.springframework.web.filter.CharacterEncodingFilter.doFilterInternal(CharacterEncodingFilter.java:201)
	at org.springframework.web.filter.OncePerRequestFilter.doFilter(OncePerRequestFilter.java:116)
	at org.apache.catalina.core.ApplicationFilterChain.internalDoFilter(ApplicationFilterChain.java:164)
	at org.apache.catalina.core.ApplicationFilterChain.doFilter(ApplicationFilterChain.java:140)
	at org.apache.catalina.core.StandardWrapperValve.invoke(StandardWrapperValve.java:167)
	at org.apache.catalina.core.StandardContextValve.invoke(StandardContextValve.java:90)
	at org.apache.catalina.authenticator.AuthenticatorBase.invoke(AuthenticatorBase.java:483)
	at org.apache.catalina.core.StandardHostValve.invoke(StandardHostValve.java:116)
	at org.apache.catalina.valves.ErrorReportValve.invoke(ErrorReportValve.java:93)
	at org.apache.catalina.core.StandardEngineValve.invoke(StandardEngineValve.java:74)
	at org.apache.catalina.connector.CoyoteAdapter.service(CoyoteAdapter.java:344)
	at org.apache.coyote.http11.Http11Processor.service(Http11Processor.java:398)
	at org.apache.coyote.AbstractProcessorLight.process(AbstractProcessorLight.java:63)
	at org.apache.coyote.AbstractProtocol$ConnectionHandler.process(AbstractProtocol.java:903)
	at org.apache.tomcat.util.net.NioEndpoint$SocketProcessor.doRun(NioEndpoint.java:1776)
	at org.apache.tomcat.util.net.SocketProcessorBase.run(SocketProcessorBase.java:52)
	at org.apache.tomcat.util.threads.ThreadPoolExecutor.runWorker(ThreadPoolExecutor.java:975)
	at org.apache.tomcat.util.threads.ThreadPoolExecutor$Worker.run(ThreadPoolExecutor.java:493)
	at org.apache.tomcat.util.threads.TaskThread$WrappingRunnable.run(TaskThread.java:63)
	at java.base/java.lang.Thread.run(Thread.java:1583)
Caused by: org.hibernate.exception.SQLGrammarException: could not execute statement [ERROR: column "codigo" of relation "codigos_verificacion" does not exist
  Position: 35] [insert into codigos_verificacion (codigo,create_date,expiration_date,user_id) values (?,?,?,?)]
	at org.hibernate.exception.internal.SQLStateConversionDelegate.convert(SQLStateConversionDelegate.java:91)
	at org.hibernate.exception.internal.StandardSQLExceptionConverter.convert(StandardSQLExceptionConverter.java:58)
	at org.hibernate.engine.jdbc.spi.SqlExceptionHelper.convert(SqlExceptionHelper.java:108)
	at org.hibernate.engine.jdbc.internal.ResultSetReturnImpl.executeUpdate(ResultSetReturnImpl.java:197)
	at org.hibernate.id.insert.GetGeneratedKeysDelegate.performMutation(GetGeneratedKeysDelegate.java:116)
	at org.hibernate.engine.jdbc.mutation.internal.MutationExecutorSingleNonBatched.performNonBatchedOperations(MutationExecutorSingleNonBatched.java:47)
	at org.hibernate.engine.jdbc.mutation.internal.AbstractMutationExecutor.execute(AbstractMutationExecutor.java:55)
	at org.hibernate.persister.entity.mutation.InsertCoordinatorStandard.doStaticInserts(InsertCoordinatorStandard.java:194)
	at org.hibernate.persister.entity.mutation.InsertCoordinatorStandard.coordinateInsert(InsertCoordinatorStandard.java:132)
	at org.hibernate.persister.entity.mutation.InsertCoordinatorStandard.insert(InsertCoordinatorStandard.java:95)
	at org.hibernate.action.internal.EntityIdentityInsertAction.execute(EntityIdentityInsertAction.java:85)
	at org.hibernate.engine.spi.ActionQueue.execute(ActionQueue.java:682)
	at org.hibernate.engine.spi.ActionQueue.addResolvedEntityInsertAction(ActionQueue.java:293)
	at org.hibernate.engine.spi.ActionQueue.addInsertAction(ActionQueue.java:274)
	at org.hibernate.engine.spi.ActionQueue.addAction(ActionQueue.java:324)
	at org.hibernate.event.internal.AbstractSaveEventListener.addInsertAction(AbstractSaveEventListener.java:394)
	at org.hibernate.event.internal.AbstractSaveEventListener.performSaveOrReplicate(AbstractSaveEventListener.java:308)
	at org.hibernate.event.internal.AbstractSaveEventListener.performSave(AbstractSaveEventListener.java:224)
	at org.hibernate.event.internal.AbstractSaveEventListener.saveWithGeneratedId(AbstractSaveEventListener.java:136)
	at org.hibernate.event.internal.DefaultPersistEventListener.entityIsTransient(DefaultPersistEventListener.java:177)
	at org.hibernate.event.internal.DefaultPersistEventListener.persist(DefaultPersistEventListener.java:95)
	at org.hibernate.event.internal.DefaultPersistEventListener.onPersist(DefaultPersistEventListener.java:79)
	at org.hibernate.event.internal.DefaultPersistEventListener.onPersist(DefaultPersistEventListener.java:55)
	at org.hibernate.event.service.internal.EventListenerGroupImpl.fireEventOnEachListener(EventListenerGroupImpl.java:127)
	at org.hibernate.internal.SessionImpl.firePersist(SessionImpl.java:761)
	at org.hibernate.internal.SessionImpl.persist(SessionImpl.java:745)
	at java.base/jdk.internal.reflect.DirectMethodHandleAccessor.invoke(DirectMethodHandleAccessor.java:103)
	at java.base/java.lang.reflect.Method.invoke(Method.java:580)
	at org.springframework.orm.jpa.SharedEntityManagerCreator$SharedEntityManagerInvocationHandler.invoke(SharedEntityManagerCreator.java:320)
	at jdk.proxy2/jdk.proxy2.$Proxy149.persist(Unknown Source)
	at org.springframework.data.jpa.repository.support.SimpleJpaRepository.save(SimpleJpaRepository.java:654)
	at java.base/jdk.internal.reflect.DirectMethodHandleAccessor.invoke(DirectMethodHandleAccessor.java:103)
	at java.base/java.lang.reflect.Method.invoke(Method.java:580)
	at org.springframework.aop.support.AopUtils.invokeJoinpointUsingReflection(AopUtils.java:360)
	at org.springframework.data.repository.core.support.RepositoryMethodInvoker$RepositoryFragmentMethodInvoker.lambda$new$0(RepositoryMethodInvoker.java:277)
	at org.springframework.data.repository.core.support.RepositoryMethodInvoker.doInvoke(RepositoryMethodInvoker.java:170)
	at org.springframework.data.repository.core.support.RepositoryMethodInvoker.invoke(RepositoryMethodInvoker.java:158)
	at org.springframework.data.repository.core.support.RepositoryComposition$RepositoryFragments.invoke(RepositoryComposition.java:515)
	at org.springframework.data.repository.core.support.RepositoryComposition.invoke(RepositoryComposition.java:284)
	at org.springframework.data.repository.core.support.RepositoryFactorySupport$ImplementationMethodExecutionInterceptor.invoke(RepositoryFactorySupport.java:734)
	at org.springframework.aop.framework.ReflectiveMethodInvocation.proceed(ReflectiveMethodInvocation.java:184)
	at org.springframework.data.repository.core.support.QueryExecutorMethodInterceptor.doInvoke(QueryExecutorMethodInterceptor.java:174)
	at org.springframework.data.repository.core.support.QueryExecutorMethodInterceptor.invoke(QueryExecutorMethodInterceptor.java:149)
	at org.springframework.aop.framework.ReflectiveMethodInvocation.proceed(ReflectiveMethodInvocation.java:184)
	at org.springframework.data.projection.DefaultMethodInvokingMethodInterceptor.invoke(DefaultMethodInvokingMethodInterceptor.java:69)
	at org.springframework.aop.framework.ReflectiveMethodInvocation.proceed(ReflectiveMethodInvocation.java:184)
	at org.springframework.transaction.interceptor.TransactionAspectSupport.invokeWithinTransaction(TransactionAspectSupport.java:380)
	at org.springframework.transaction.interceptor.TransactionInterceptor.invoke(TransactionInterceptor.java:119)
	at org.springframework.aop.framework.ReflectiveMethodInvocation.proceed(ReflectiveMethodInvocation.java:184)
	at org.springframework.dao.support.PersistenceExceptionTranslationInterceptor.invoke(PersistenceExceptionTranslationInterceptor.java:138)
	... 139 common frames omitted
Caused by: org.postgresql.util.PSQLException: ERROR: column "codigo" of relation "codigos_verificacion" does not exist
  Position: 35
	at org.postgresql.core.v3.QueryExecutorImpl.receiveErrorResponse(QueryExecutorImpl.java:2734)
	at org.postgresql.core.v3.QueryExecutorImpl.processResults(QueryExecutorImpl.java:2421)
	at org.postgresql.core.v3.QueryExecutorImpl.execute(QueryExecutorImpl.java:372)
	at org.postgresql.jdbc.PgStatement.executeInternal(PgStatement.java:518)
	at org.postgresql.jdbc.PgStatement.execute(PgStatement.java:435)
	at org.postgresql.jdbc.PgPreparedStatement.executeWithFlags(PgPreparedStatement.java:196)
	at org.postgresql.jdbc.PgPreparedStatement.executeUpdate(PgPreparedStatement.java:157)
	at com.zaxxer.hikari.pool.ProxyPreparedStatement.executeUpdate(ProxyPreparedStatement.java:61)
	at com.zaxxer.hikari.pool.HikariProxyPreparedStatement.executeUpdate(HikariProxyPreparedStatement.java)
	at org.hibernate.engine.jdbc.internal.ResultSetReturnImpl.executeUpdate(ResultSetReturnImpl.java:194)
	... 185 common frames omitted
[32m[2025-10-19 11:47:42,026][INFO][proy01][e.b.p.s.c.AuthController] AUTH - CONTROLLER - REGISTRO[0;39m
[32m[2025-10-19 11:47:42,026][INFO][proy01][e.b.p.s.s.i.UserServiceImpl] AUTH - SERVICE - REGISTRO[0;39m
[33m[2025-10-19 11:47:42,035][WARN][proy01][o.h.e.j.s.SqlExceptionHelper] SQL Error: 0, SQLState: 42703[0;39m
[31m[2025-10-19 11:47:42,035][ERROR][proy01][o.h.e.j.s.SqlExceptionHelper] ERROR: column "codigo" of relation "codigos_verificacion" does not exist
  Position: 35[0;39m
[31m[2025-10-19 11:47:46,572][ERROR][proy01][e.b.p.a.GlobalExceptionHandler] Error en el path /v1/auth/registro: could not execute statement [ERROR: column "codigo" of relation "codigos_verificacion" does not exist
  Position: 35] [insert into codigos_verificacion (codigo,create_date,expiration_date,user_id) values (?,?,?,?)]; SQL [insert into codigos_verificacion (codigo,create_date,expiration_date,user_id) values (?,?,?,?)][0;39m
org.springframework.dao.InvalidDataAccessResourceUsageException: could not execute statement [ERROR: column "codigo" of relation "codigos_verificacion" does not exist
  Position: 35] [insert into codigos_verificacion (codigo,create_date,expiration_date,user_id) values (?,?,?,?)]; SQL [insert into codigos_verificacion (codigo,create_date,expiration_date,user_id) values (?,?,?,?)]
	at org.springframework.orm.jpa.vendor.HibernateJpaDialect.convertHibernateAccessException(HibernateJpaDialect.java:281)
	at org.springframework.orm.jpa.vendor.HibernateJpaDialect.convertHibernateAccessException(HibernateJpaDialect.java:256)
	at org.springframework.orm.jpa.vendor.HibernateJpaDialect.translateExceptionIfPossible(HibernateJpaDialect.java:241)
	at org.springframework.orm.jpa.AbstractEntityManagerFactoryBean.translateExceptionIfPossible(AbstractEntityManagerFactoryBean.java:560)
	at org.springframework.dao.support.ChainedPersistenceExceptionTranslator.translateExceptionIfPossible(ChainedPersistenceExceptionTranslator.java:61)
	at org.springframework.dao.support.DataAccessUtils.translateIfNecessary(DataAccessUtils.java:343)
	at org.springframework.dao.support.PersistenceExceptionTranslationInterceptor.invoke(PersistenceExceptionTranslationInterceptor.java:160)
	at org.springframework.aop.framework.ReflectiveMethodInvocation.proceed(ReflectiveMethodInvocation.java:184)
	at org.springframework.data.jpa.repository.support.CrudMethodMetadataPostProcessor$CrudMethodMetadataPopulatingMethodInterceptor.invoke(CrudMethodMetadataPostProcessor.java:165)
	at org.springframework.aop.framework.ReflectiveMethodInvocation.proceed(ReflectiveMethodInvocation.java:184)
	at org.springframework.aop.framework.JdkDynamicAopProxy.invoke(JdkDynamicAopProxy.java:223)
	at jdk.proxy2/jdk.proxy2.$Proxy156.save(Unknown Source)
	at eus.birt.proyecto.security.service.impl.UserServiceImpl.registrarUsuario(UserServiceImpl.java:58)
	at eus.birt.proyecto.security.controller.AuthController.registrarUsuario(AuthController.java:40)
	at java.base/jdk.internal.reflect.DirectMethodHandleAccessor.invoke(DirectMethodHandleAccessor.java:103)
	at java.base/java.lang.reflect.Method.invoke(Method.java:580)
	at org.springframework.aop.support.AopUtils.invokeJoinpointUsingReflection(AopUtils.java:360)
	at org.springframework.aop.framework.ReflectiveMethodInvocation.invokeJoinpoint(ReflectiveMethodInvocation.java:196)
	at org.springframework.aop.framework.ReflectiveMethodInvocation.proceed(ReflectiveMethodInvocation.java:163)
	at org.springframework.validation.beanvalidation.MethodValidationInterceptor.invoke(MethodValidationInterceptor.java:174)
	at org.springframework.aop.framework.ReflectiveMethodInvocation.proceed(ReflectiveMethodInvocation.java:184)
	at org.springframework.aop.framework.CglibAopProxy$DynamicAdvisedInterceptor.intercept(CglibAopProxy.java:728)
	at eus.birt.proyecto.security.controller.AuthController$$SpringCGLIB$$0.registrarUsuario(<generated>)
	at java.base/jdk.internal.reflect.DirectMethodHandleAccessor.invoke(DirectMethodHandleAccessor.java:103)
	at java.base/java.lang.reflect.Method.invoke(Method.java:580)
	at org.springframework.web.method.support.InvocableHandlerMethod.doInvoke(InvocableHandlerMethod.java:258)
	at org.springframework.web.method.support.InvocableHandlerMethod.invokeForRequest(InvocableHandlerMethod.java:191)
	at org.springframework.web.servlet.mvc.method.annotation.ServletInvocableHandlerMethod.invokeAndHandle(ServletInvocableHandlerMethod.java:118)
	at org.springframework.web.servlet.mvc.method.annotation.RequestMappingHandlerAdapter.invokeHandlerMethod(RequestMappingHandlerAdapter.java:991)
	at org.springframework.web.servlet.mvc.method.annotation.RequestMappingHandlerAdapter.handleInternal(RequestMappingHandlerAdapter.java:896)
	at org.springframework.web.servlet.mvc.method.AbstractHandlerMethodAdapter.handle(AbstractHandlerMethodAdapter.java:87)
	at org.springframework.web.servlet.DispatcherServlet.doDispatch(DispatcherServlet.java:1089)
	at org.springframework.web.servlet.DispatcherServlet.doService(DispatcherServlet.java:979)
	at org.springframework.web.servlet.FrameworkServlet.processRequest(FrameworkServlet.java:1014)
	at org.springframework.web.servlet.FrameworkServlet.doPost(FrameworkServlet.java:914)
	at jakarta.servlet.http.HttpServlet.service(HttpServlet.java:590)
	at org.springframework.web.servlet.FrameworkServlet.service(FrameworkServlet.java:885)
	at jakarta.servlet.http.HttpServlet.service(HttpServlet.java:658)
	at org.apache.catalina.core.ApplicationFilterChain.internalDoFilter(ApplicationFilterChain.java:195)
	at org.apache.catalina.core.ApplicationFilterChain.doFilter(ApplicationFilterChain.java:140)
	at org.apache.tomcat.websocket.server.WsFilter.doFilter(WsFilter.java:51)
	at org.apache.catalina.core.ApplicationFilterChain.internalDoFilter(ApplicationFilterChain.java:164)
	at org.apache.catalina.core.ApplicationFilterChain.doFilter(ApplicationFilterChain.java:140)
	at org.springframework.web.filter.CompositeFilter$VirtualFilterChain.doFilter(CompositeFilter.java:108)
	at org.springframework.web.filter.CompositeFilter$VirtualFilterChain.doFilter(CompositeFilter.java:108)
	at org.springframework.security.web.FilterChainProxy.lambda$doFilterInternal$3(FilterChainProxy.java:231)
	at org.springframework.security.web.ObservationFilterChainDecorator$FilterObservation$SimpleFilterObservation.lambda$wrap$1(ObservationFilterChainDecorator.java:490)
	at org.springframework.security.web.ObservationFilterChainDecorator$AroundFilterObservation$SimpleAroundFilterObservation.lambda$wrap$1(ObservationFilterChainDecorator.java:351)
	at org.springframework.security.web.ObservationFilterChainDecorator.lambda$wrapSecured$0(ObservationFilterChainDecorator.java:83)
	at org.springframework.security.web.ObservationFilterChainDecorator$VirtualFilterChain.doFilter(ObservationFilterChainDecorator.java:129)
	at org.springframework.security.web.access.intercept.AuthorizationFilter.doFilter(AuthorizationFilter.java:101)
	at org.springframework.security.web.ObservationFilterChainDecorator$ObservationFilter.wrapFilter(ObservationFilterChainDecorator.java:241)
	at org.springframework.security.web.ObservationFilterChainDecorator$ObservationFilter.doFilter(ObservationFilterChainDecorator.java:228)
	at org.springframework.security.web.ObservationFilterChainDecorator$VirtualFilterChain.doFilter(ObservationFilterChainDecorator.java:138)
	at org.springframework.security.web.access.ExceptionTranslationFilter.doFilter(ExceptionTranslationFilter.java:125)
	at org.springframework.security.web.access.ExceptionTranslationFilter.doFilter(ExceptionTranslationFilter.java:119)
	at org.springframework.security.web.ObservationFilterChainDecorator$ObservationFilter.wrapFilter(ObservationFilterChainDecorator.java:241)
	at org.springframework.security.web.ObservationFilterChainDecorator$ObservationFilter.doFilter(ObservationFilterChainDecorator.java:228)
	at org.springframework.security.web.ObservationFilterChainDecorator$VirtualFilterChain.doFilter(ObservationFilterChainDecorator.java:138)
	at org.springframework.security.web.authentication.AnonymousAuthenticationFilter.doFilter(AnonymousAuthenticationFilter.java:100)
	at org.springframework.security.web.ObservationFilterChainDecorator$ObservationFilter.wrapFilter(ObservationFilterChainDecorator.java:241)
	at org.springframework.security.web.ObservationFilterChainDecorator$ObservationFilter.doFilter(ObservationFilterChainDecorator.java:228)
	at org.springframework.security.web.ObservationFilterChainDecorator$VirtualFilterChain.doFilter(ObservationFilterChainDecorator.java:138)
	at org.springframework.security.web.servletapi.SecurityContextHolderAwareRequestFilter.doFilter(SecurityContextHolderAwareRequestFilter.java:179)
	at org.springframework.security.web.ObservationFilterChainDecorator$ObservationFilter.wrapFilter(ObservationFilterChainDecorator.java:241)
	at org.springframework.security.web.ObservationFilterChainDecorator$ObservationFilter.doFilter(ObservationFilterChainDecorator.java:228)
	at org.springframework.security.web.ObservationFilterChainDecorator$VirtualFilterChain.doFilter(ObservationFilterChainDecorator.java:138)
	at org.springframework.security.web.savedrequest.RequestCacheAwareFilter.doFilter(RequestCacheAwareFilter.java:63)
	at org.springframework.security.web.ObservationFilterChainDecorator$ObservationFilter.wrapFilter(ObservationFilterChainDecorator.java:241)
	at org.springframework.security.web.ObservationFilterChainDecorator$ObservationFilter.doFilter(ObservationFilterChainDecorator.java:228)
	at org.springframework.security.web.ObservationFilterChainDecorator$VirtualFilterChain.doFilter(ObservationFilterChainDecorator.java:138)
	at org.springframework.security.web.authentication.logout.LogoutFilter.doFilter(LogoutFilter.java:107)
	at org.springframework.security.web.authentication.logout.LogoutFilter.doFilter(LogoutFilter.java:93)
	at org.springframework.security.web.ObservationFilterChainDecorator$ObservationFilter.wrapFilter(ObservationFilterChainDecorator.java:241)
	at org.springframework.security.web.ObservationFilterChainDecorator$ObservationFilter.doFilter(ObservationFilterChainDecorator.java:228)
	at org.springframework.security.web.ObservationFilterChainDecorator$VirtualFilterChain.doFilter(ObservationFilterChainDecorator.java:138)
	at org.springframework.security.web.header.HeaderWriterFilter.doHeadersAfter(HeaderWriterFilter.java:90)
	at org.springframework.security.web.header.HeaderWriterFilter.doFilterInternal(HeaderWriterFilter.java:75)
	at org.springframework.web.filter.OncePerRequestFilter.doFilter(OncePerRequestFilter.java:116)
	at org.springframework.security.web.ObservationFilterChainDecorator$ObservationFilter.wrapFilter(ObservationFilterChainDecorator.java:241)
	at org.springframework.security.web.ObservationFilterChainDecorator$ObservationFilter.doFilter(ObservationFilterChainDecorator.java:228)
	at org.springframework.security.web.ObservationFilterChainDecorator$VirtualFilterChain.doFilter(ObservationFilterChainDecorator.java:138)
	at org.springframework.security.web.context.SecurityContextHolderFilter.doFilter(SecurityContextHolderFilter.java:82)
	at org.springframework.security.web.context.SecurityContextHolderFilter.doFilter(SecurityContextHolderFilter.java:69)
	at org.springframework.security.web.ObservationFilterChainDecorator$ObservationFilter.wrapFilter(ObservationFilterChainDecorator.java:241)
	at org.springframework.security.web.ObservationFilterChainDecorator$ObservationFilter.doFilter(ObservationFilterChainDecorator.java:228)
	at org.springframework.security.web.ObservationFilterChainDecorator$VirtualFilterChain.doFilter(ObservationFilterChainDecorator.java:138)
	at org.springframework.security.web.context.request.async.WebAsyncManagerIntegrationFilter.doFilterInternal(WebAsyncManagerIntegrationFilter.java:62)
	at org.springframework.web.filter.OncePerRequestFilter.doFilter(OncePerRequestFilter.java:116)
	at org.springframework.security.web.ObservationFilterChainDecorator$ObservationFilter.wrapFilter(ObservationFilterChainDecorator.java:241)
	at org.springframework.security.web.ObservationFilterChainDecorator$ObservationFilter.doFilter(ObservationFilterChainDecorator.java:228)
	at org.springframework.security.web.ObservationFilterChainDecorator$VirtualFilterChain.doFilter(ObservationFilterChainDecorator.java:138)
	at org.springframework.security.web.session.DisableEncodeUrlFilter.doFilterInternal(DisableEncodeUrlFilter.java:42)
	at org.springframework.web.filter.OncePerRequestFilter.doFilter(OncePerRequestFilter.java:116)
	at org.springframework.security.web.ObservationFilterChainDecorator$ObservationFilter.wrapFilter(ObservationFilterChainDecorator.java:241)
	at org.springframework.security.web.ObservationFilterChainDecorator$AroundFilterObservation$SimpleAroundFilterObservation.lambda$wrap$0(ObservationFilterChainDecorator.java:334)
	at org.springframework.security.web.ObservationFilterChainDecorator$ObservationFilter.doFilter(ObservationFilterChainDecorator.java:225)
	at org.springframework.security.web.ObservationFilterChainDecorator$VirtualFilterChain.doFilter(ObservationFilterChainDecorator.java:138)
	at org.springframework.security.web.FilterChainProxy.doFilterInternal(FilterChainProxy.java:233)
	at org.springframework.security.web.FilterChainProxy.doFilter(FilterChainProxy.java:191)
	at org.springframework.web.filter.CompositeFilter$VirtualFilterChain.doFilter(CompositeFilter.java:113)
	at org.springframework.web.filter.ServletRequestPathFilter.doFilter(ServletRequestPathFilter.java:52)
	at org.springframework.web.filter.CompositeFilter$VirtualFilterChain.doFilter(CompositeFilter.java:113)
	at org.springframework.web.filter.CompositeFilter.doFilter(CompositeFilter.java:74)
	at org.springframework.security.config.annotation.web.configuration.WebSecurityConfiguration$CompositeFilterChainProxy.doFilter(WebSecurityConfiguration.java:319)
	at org.springframework.web.filter.CompositeFilter$VirtualFilterChain.doFilter(CompositeFilter.java:113)
	at org.springframework.web.servlet.handler.HandlerMappingIntrospector.lambda$createCacheFilter$4(HandlerMappingIntrospector.java:267)
	at org.springframework.web.filter.CompositeFilter$VirtualFilterChain.doFilter(CompositeFilter.java:113)
	at org.springframework.web.filter.CompositeFilter.doFilter(CompositeFilter.java:74)
	at org.springframework.security.config.annotation.web.configuration.WebMvcSecurityConfiguration$CompositeFilterChainProxy.doFilter(WebMvcSecurityConfiguration.java:240)
	at org.springframework.web.filter.DelegatingFilterProxy.invokeDelegate(DelegatingFilterProxy.java:362)
	at org.springframework.web.filter.DelegatingFilterProxy.doFilter(DelegatingFilterProxy.java:278)
	at org.apache.catalina.core.ApplicationFilterChain.internalDoFilter(ApplicationFilterChain.java:164)
	at org.apache.catalina.core.ApplicationFilterChain.doFilter(ApplicationFilterChain.java:140)
	at org.springframework.web.filter.RequestContextFilter.doFilterInternal(RequestContextFilter.java:100)
	at org.springframework.web.filter.OncePerRequestFilter.doFilter(OncePerRequestFilter.java:116)
	at org.apache.catalina.core.ApplicationFilterChain.internalDoFilter(ApplicationFilterChain.java:164)
	at org.apache.catalina.core.ApplicationFilterChain.doFilter(ApplicationFilterChain.java:140)
	at org.springframework.web.filter.FormContentFilter.doFilterInternal(FormContentFilter.java:93)
	at org.springframework.web.filter.OncePerRequestFilter.doFilter(OncePerRequestFilter.java:116)
	at org.apache.catalina.core.ApplicationFilterChain.internalDoFilter(ApplicationFilterChain.java:164)
	at org.apache.catalina.core.ApplicationFilterChain.doFilter(ApplicationFilterChain.java:140)
	at org.springframework.web.filter.ServerHttpObservationFilter.doFilterInternal(ServerHttpObservationFilter.java:110)
	at org.springframework.web.filter.OncePerRequestFilter.doFilter(OncePerRequestFilter.java:116)
	at org.apache.catalina.core.ApplicationFilterChain.internalDoFilter(ApplicationFilterChain.java:164)
	at org.apache.catalina.core.ApplicationFilterChain.doFilter(ApplicationFilterChain.java:140)
	at org.springframework.web.filter.CharacterEncodingFilter.doFilterInternal(CharacterEncodingFilter.java:201)
	at org.springframework.web.filter.OncePerRequestFilter.doFilter(OncePerRequestFilter.java:116)
	at org.apache.catalina.core.ApplicationFilterChain.internalDoFilter(ApplicationFilterChain.java:164)
	at org.apache.catalina.core.ApplicationFilterChain.doFilter(ApplicationFilterChain.java:140)
	at org.apache.catalina.core.StandardWrapperValve.invoke(StandardWrapperValve.java:167)
	at org.apache.catalina.core.StandardContextValve.invoke(StandardContextValve.java:90)
	at org.apache.catalina.authenticator.AuthenticatorBase.invoke(AuthenticatorBase.java:483)
	at org.apache.catalina.core.StandardHostValve.invoke(StandardHostValve.java:116)
	at org.apache.catalina.valves.ErrorReportValve.invoke(ErrorReportValve.java:93)
	at org.apache.catalina.core.StandardEngineValve.invoke(StandardEngineValve.java:74)
	at org.apache.catalina.connector.CoyoteAdapter.service(CoyoteAdapter.java:344)
	at org.apache.coyote.http11.Http11Processor.service(Http11Processor.java:398)
	at org.apache.coyote.AbstractProcessorLight.process(AbstractProcessorLight.java:63)
	at org.apache.coyote.AbstractProtocol$ConnectionHandler.process(AbstractProtocol.java:903)
	at org.apache.tomcat.util.net.NioEndpoint$SocketProcessor.doRun(NioEndpoint.java:1776)
	at org.apache.tomcat.util.net.SocketProcessorBase.run(SocketProcessorBase.java:52)
	at org.apache.tomcat.util.threads.ThreadPoolExecutor.runWorker(ThreadPoolExecutor.java:975)
	at org.apache.tomcat.util.threads.ThreadPoolExecutor$Worker.run(ThreadPoolExecutor.java:493)
	at org.apache.tomcat.util.threads.TaskThread$WrappingRunnable.run(TaskThread.java:63)
	at java.base/java.lang.Thread.run(Thread.java:1583)
Caused by: org.hibernate.exception.SQLGrammarException: could not execute statement [ERROR: column "codigo" of relation "codigos_verificacion" does not exist
  Position: 35] [insert into codigos_verificacion (codigo,create_date,expiration_date,user_id) values (?,?,?,?)]
	at org.hibernate.exception.internal.SQLStateConversionDelegate.convert(SQLStateConversionDelegate.java:91)
	at org.hibernate.exception.internal.StandardSQLExceptionConverter.convert(StandardSQLExceptionConverter.java:58)
	at org.hibernate.engine.jdbc.spi.SqlExceptionHelper.convert(SqlExceptionHelper.java:108)
	at org.hibernate.engine.jdbc.internal.ResultSetReturnImpl.executeUpdate(ResultSetReturnImpl.java:197)
	at org.hibernate.id.insert.GetGeneratedKeysDelegate.performMutation(GetGeneratedKeysDelegate.java:116)
	at org.hibernate.engine.jdbc.mutation.internal.MutationExecutorSingleNonBatched.performNonBatchedOperations(MutationExecutorSingleNonBatched.java:47)
	at org.hibernate.engine.jdbc.mutation.internal.AbstractMutationExecutor.execute(AbstractMutationExecutor.java:55)
	at org.hibernate.persister.entity.mutation.InsertCoordinatorStandard.doStaticInserts(InsertCoordinatorStandard.java:194)
	at org.hibernate.persister.entity.mutation.InsertCoordinatorStandard.coordinateInsert(InsertCoordinatorStandard.java:132)
	at org.hibernate.persister.entity.mutation.InsertCoordinatorStandard.insert(InsertCoordinatorStandard.java:95)
	at org.hibernate.action.internal.EntityIdentityInsertAction.execute(EntityIdentityInsertAction.java:85)
	at org.hibernate.engine.spi.ActionQueue.execute(ActionQueue.java:682)
	at org.hibernate.engine.spi.ActionQueue.addResolvedEntityInsertAction(ActionQueue.java:293)
	at org.hibernate.engine.spi.ActionQueue.addInsertAction(ActionQueue.java:274)
	at org.hibernate.engine.spi.ActionQueue.addAction(ActionQueue.java:324)
	at org.hibernate.event.internal.AbstractSaveEventListener.addInsertAction(AbstractSaveEventListener.java:394)
	at org.hibernate.event.internal.AbstractSaveEventListener.performSaveOrReplicate(AbstractSaveEventListener.java:308)
	at org.hibernate.event.internal.AbstractSaveEventListener.performSave(AbstractSaveEventListener.java:224)
	at org.hibernate.event.internal.AbstractSaveEventListener.saveWithGeneratedId(AbstractSaveEventListener.java:136)
	at org.hibernate.event.internal.DefaultPersistEventListener.entityIsTransient(DefaultPersistEventListener.java:177)
	at org.hibernate.event.internal.DefaultPersistEventListener.persist(DefaultPersistEventListener.java:95)
	at org.hibernate.event.internal.DefaultPersistEventListener.onPersist(DefaultPersistEventListener.java:79)
	at org.hibernate.event.internal.DefaultPersistEventListener.onPersist(DefaultPersistEventListener.java:55)
	at org.hibernate.event.service.internal.EventListenerGroupImpl.fireEventOnEachListener(EventListenerGroupImpl.java:127)
	at org.hibernate.internal.SessionImpl.firePersist(SessionImpl.java:761)
	at org.hibernate.internal.SessionImpl.persist(SessionImpl.java:745)
	at java.base/jdk.internal.reflect.DirectMethodHandleAccessor.invoke(DirectMethodHandleAccessor.java:103)
	at java.base/java.lang.reflect.Method.invoke(Method.java:580)
	at org.springframework.orm.jpa.SharedEntityManagerCreator$SharedEntityManagerInvocationHandler.invoke(SharedEntityManagerCreator.java:320)
	at jdk.proxy2/jdk.proxy2.$Proxy149.persist(Unknown Source)
	at org.springframework.data.jpa.repository.support.SimpleJpaRepository.save(SimpleJpaRepository.java:654)
	at java.base/jdk.internal.reflect.DirectMethodHandleAccessor.invoke(DirectMethodHandleAccessor.java:103)
	at java.base/java.lang.reflect.Method.invoke(Method.java:580)
	at org.springframework.aop.support.AopUtils.invokeJoinpointUsingReflection(AopUtils.java:360)
	at org.springframework.data.repository.core.support.RepositoryMethodInvoker$RepositoryFragmentMethodInvoker.lambda$new$0(RepositoryMethodInvoker.java:277)
	at org.springframework.data.repository.core.support.RepositoryMethodInvoker.doInvoke(RepositoryMethodInvoker.java:170)
	at org.springframework.data.repository.core.support.RepositoryMethodInvoker.invoke(RepositoryMethodInvoker.java:158)
	at org.springframework.data.repository.core.support.RepositoryComposition$RepositoryFragments.invoke(RepositoryComposition.java:515)
	at org.springframework.data.repository.core.support.RepositoryComposition.invoke(RepositoryComposition.java:284)
	at org.springframework.data.repository.core.support.RepositoryFactorySupport$ImplementationMethodExecutionInterceptor.invoke(RepositoryFactorySupport.java:734)
	at org.springframework.aop.framework.ReflectiveMethodInvocation.proceed(ReflectiveMethodInvocation.java:184)
	at org.springframework.data.repository.core.support.QueryExecutorMethodInterceptor.doInvoke(QueryExecutorMethodInterceptor.java:174)
	at org.springframework.data.repository.core.support.QueryExecutorMethodInterceptor.invoke(QueryExecutorMethodInterceptor.java:149)
	at org.springframework.aop.framework.ReflectiveMethodInvocation.proceed(ReflectiveMethodInvocation.java:184)
	at org.springframework.data.projection.DefaultMethodInvokingMethodInterceptor.invoke(DefaultMethodInvokingMethodInterceptor.java:69)
	at org.springframework.aop.framework.ReflectiveMethodInvocation.proceed(ReflectiveMethodInvocation.java:184)
	at org.springframework.transaction.interceptor.TransactionAspectSupport.invokeWithinTransaction(TransactionAspectSupport.java:380)
	at org.springframework.transaction.interceptor.TransactionInterceptor.invoke(TransactionInterceptor.java:119)
	at org.springframework.aop.framework.ReflectiveMethodInvocation.proceed(ReflectiveMethodInvocation.java:184)
	at org.springframework.dao.support.PersistenceExceptionTranslationInterceptor.invoke(PersistenceExceptionTranslationInterceptor.java:138)
	... 139 common frames omitted
Caused by: org.postgresql.util.PSQLException: ERROR: column "codigo" of relation "codigos_verificacion" does not exist
  Position: 35
	at org.postgresql.core.v3.QueryExecutorImpl.receiveErrorResponse(QueryExecutorImpl.java:2734)
	at org.postgresql.core.v3.QueryExecutorImpl.processResults(QueryExecutorImpl.java:2421)
	at org.postgresql.core.v3.QueryExecutorImpl.execute(QueryExecutorImpl.java:372)
	at org.postgresql.jdbc.PgStatement.executeInternal(PgStatement.java:518)
	at org.postgresql.jdbc.PgStatement.execute(PgStatement.java:435)
	at org.postgresql.jdbc.PgPreparedStatement.executeWithFlags(PgPreparedStatement.java:196)
	at org.postgresql.jdbc.PgPreparedStatement.executeUpdate(PgPreparedStatement.java:157)
	at com.zaxxer.hikari.pool.ProxyPreparedStatement.executeUpdate(ProxyPreparedStatement.java:61)
	at com.zaxxer.hikari.pool.HikariProxyPreparedStatement.executeUpdate(HikariProxyPreparedStatement.java)
	at org.hibernate.engine.jdbc.internal.ResultSetReturnImpl.executeUpdate(ResultSetReturnImpl.java:194)
	... 185 common frames omitted
[32m[2025-10-19 11:52:20,665][INFO][proy01][o.s.b.a.SpringApplicationAdminMXBeanRegistrar$SpringApplicationAdmin] Application shutdown requested.[0;39m
[32m[2025-10-19 11:52:20,667][INFO][proy01][o.s.b.w.e.t.GracefulShutdown] Commencing graceful shutdown. Waiting for active requests to complete[0;39m
[32m[2025-10-19 11:52:20,668][INFO][proy01][o.s.b.w.e.t.GracefulShutdown] Graceful shutdown complete[0;39m
[32m[2025-10-19 11:52:20,671][INFO][proy01][o.s.o.j.LocalContainerEntityManagerFactoryBean] Closing JPA EntityManagerFactory for persistence unit 'default'[0;39m
[32m[2025-10-19 11:52:20,672][INFO][proy01][c.z.h.HikariDataSource] HikariPool-1 - Shutdown initiated...[0;39m
[32m[2025-10-19 11:52:20,673][INFO][proy01][c.z.h.HikariDataSource] HikariPool-1 - Shutdown completed.[0;39m
[32m[2025-10-19 11:52:21,689][INFO][proy01][e.b.p.ProyectoApplication] Starting ProyectoApplication using Java 21.0.8 with PID 263072 (/home/xarrondo/PROYECTOS/proy01-back/target/classes started by xarrondo in /home/xarrondo/PROYECTOS/proy01-back)[0;39m
[32m[2025-10-19 11:52:21,690][INFO][proy01][e.b.p.ProyectoApplication] No active profile set, falling back to 1 default profile: "default"[0;39m
[32m[2025-10-19 11:52:22,150][INFO][proy01][o.s.d.r.c.RepositoryConfigurationDelegate] Bootstrapping Spring Data JPA repositories in DEFAULT mode.[0;39m
[32m[2025-10-19 11:52:22,174][INFO][proy01][o.s.d.r.c.RepositoryConfigurationDelegate] Finished Spring Data repository scanning in 19 ms. Found 2 JPA repository interfaces.[0;39m
[32m[2025-10-19 11:52:22,401][INFO][proy01][o.s.b.w.e.t.TomcatWebServer] Tomcat initialized with port 8080 (http)[0;39m
[32m[2025-10-19 11:52:22,408][INFO][proy01][o.a.c.c.StandardService] Starting service [Tomcat][0;39m
[32m[2025-10-19 11:52:22,408][INFO][proy01][o.a.c.c.StandardEngine] Starting Servlet engine: [Apache Tomcat/10.1.46][0;39m
[32m[2025-10-19 11:52:22,428][INFO][proy01][o.a.c.c.C.[.[.[/]] Initializing Spring embedded WebApplicationContext[0;39m
[32m[2025-10-19 11:52:22,428][INFO][proy01][o.s.b.w.s.c.ServletWebServerApplicationContext] Root WebApplicationContext: initialization completed in 718 ms[0;39m
[32m[2025-10-19 11:52:22,535][INFO][proy01][o.h.j.i.u.LogHelper] HHH000204: Processing PersistenceUnitInfo [name: default][0;39m
[32m[2025-10-19 11:52:22,558][INFO][proy01][o.h.Version] HHH000412: Hibernate ORM core version 6.6.29.Final[0;39m
[32m[2025-10-19 11:52:22,576][INFO][proy01][o.h.c.i.RegionFactoryInitiator] HHH000026: Second-level cache disabled[0;39m
[32m[2025-10-19 11:52:22,690][INFO][proy01][o.s.o.j.p.SpringPersistenceUnitInfo] No LoadTimeWeaver setup: ignoring JPA class transformer[0;39m
[32m[2025-10-19 11:52:22,704][INFO][proy01][c.z.h.HikariDataSource] HikariPool-1 - Starting...[0;39m
[32m[2025-10-19 11:52:22,766][INFO][proy01][c.z.h.p.HikariPool] HikariPool-1 - Added connection org.postgresql.jdbc.PgConnection@19e5e110[0;39m
[32m[2025-10-19 11:52:22,767][INFO][proy01][c.z.h.HikariDataSource] HikariPool-1 - Start completed.[0;39m
[32m[2025-10-19 11:52:22,799][INFO][proy01][o.h.o.c.pooling] HHH10001005: Database info:
	Database JDBC URL [Connecting through datasource 'HikariDataSource (HikariPool-1)']
	Database driver: undefined/unknown
	Database version: 16.10
	Autocommit mode: undefined/unknown
	Isolation level: undefined/unknown
	Minimum pool size: undefined/unknown
	Maximum pool size: undefined/unknown[0;39m
[32m[2025-10-19 11:52:23,189][INFO][proy01][o.h.e.t.j.p.i.JtaPlatformInitiator] HHH000489: No JTA platform available (set 'hibernate.transaction.jta.platform' to enable JTA platform integration)[0;39m
[32m[2025-10-19 11:52:23,190][INFO][proy01][o.s.o.j.LocalContainerEntityManagerFactoryBean] Initialized JPA EntityManagerFactory for persistence unit 'default'[0;39m
[32m[2025-10-19 11:52:23,542][INFO][proy01][o.s.b.a.e.w.EndpointLinksResolver] Exposing 1 endpoint beneath base path '/actuator'[0;39m
[33m[2025-10-19 11:52:23,556][WARN][proy01][o.s.b.a.s.s.UserDetailsServiceAutoConfiguration] 

Using generated security password: bcd3f50d-bc1a-445b-a9e7-91a3325d2feb

This generated password is for development use only. Your security configuration must be updated before running your application in production.
[0;39m
[32m[2025-10-19 11:52:23,559][INFO][proy01][o.s.s.c.a.a.c.InitializeUserDetailsBeanManagerConfigurer$InitializeUserDetailsManagerConfigurer] Global AuthenticationManager configured with UserDetailsService bean with name inMemoryUserDetailsManager[0;39m
[32m[2025-10-19 11:52:23,792][INFO][proy01][o.s.b.w.e.t.TomcatWebServer] Tomcat started on port 8080 (http) with context path '/'[0;39m
[32m[2025-10-19 11:52:23,799][INFO][proy01][e.b.p.ProyectoApplication] Started ProyectoApplication in 2.335 seconds (process running for 2.699)[0;39m
[32m[2025-10-19 11:52:24,273][INFO][proy01][o.a.c.c.C.[.[.[/]] Initializing Spring DispatcherServlet 'dispatcherServlet'[0;39m
[32m[2025-10-19 11:52:24,273][INFO][proy01][o.s.w.s.DispatcherServlet] Initializing Servlet 'dispatcherServlet'[0;39m
[32m[2025-10-19 11:52:24,274][INFO][proy01][o.s.w.s.DispatcherServlet] Completed initialization in 1 ms[0;39m
[32m[2025-10-19 11:52:29,053][INFO][proy01][e.b.p.s.c.AuthController] AUTH - CONTROLLER - REGISTRO[0;39m
[32m[2025-10-19 11:52:29,057][INFO][proy01][e.b.p.s.s.i.UserServiceImpl] AUTH - SERVICE - REGISTRO[0;39m
[31m[2025-10-19 11:52:29,124][ERROR][proy01][e.b.p.a.GlobalExceptionHandler] Error en el path /v1/auth/registro: 409 CONFLICT "Email ya registrado"[0;39m
eus.birt.proyecto.exception.CustomResponseStatusException: 409 CONFLICT "Email ya registrado"
	at eus.birt.proyecto.security.service.impl.UserServiceImpl.registrarUsuario(UserServiceImpl.java:39)
	at java.base/jdk.internal.reflect.DirectMethodHandleAccessor.invoke(DirectMethodHandleAccessor.java:103)
	at java.base/java.lang.reflect.Method.invoke(Method.java:580)
	at org.springframework.aop.support.AopUtils.invokeJoinpointUsingReflection(AopUtils.java:360)
	at org.springframework.aop.framework.ReflectiveMethodInvocation.invokeJoinpoint(ReflectiveMethodInvocation.java:196)
	at org.springframework.aop.framework.ReflectiveMethodInvocation.proceed(ReflectiveMethodInvocation.java:163)
	at org.springframework.transaction.interceptor.TransactionAspectSupport.invokeWithinTransaction(TransactionAspectSupport.java:380)
	at org.springframework.transaction.interceptor.TransactionInterceptor.invoke(TransactionInterceptor.java:119)
	at org.springframework.aop.framework.ReflectiveMethodInvocation.proceed(ReflectiveMethodInvocation.java:184)
	at org.springframework.aop.framework.CglibAopProxy$DynamicAdvisedInterceptor.intercept(CglibAopProxy.java:728)
	at eus.birt.proyecto.security.service.impl.UserServiceImpl$$SpringCGLIB$$0.registrarUsuario(<generated>)
	at eus.birt.proyecto.security.controller.AuthController.registrarUsuario(AuthController.java:40)
	at java.base/jdk.internal.reflect.DirectMethodHandleAccessor.invoke(DirectMethodHandleAccessor.java:103)
	at java.base/java.lang.reflect.Method.invoke(Method.java:580)
	at org.springframework.aop.support.AopUtils.invokeJoinpointUsingReflection(AopUtils.java:360)
	at org.springframework.aop.framework.ReflectiveMethodInvocation.invokeJoinpoint(ReflectiveMethodInvocation.java:196)
	at org.springframework.aop.framework.ReflectiveMethodInvocation.proceed(ReflectiveMethodInvocation.java:163)
	at org.springframework.validation.beanvalidation.MethodValidationInterceptor.invoke(MethodValidationInterceptor.java:174)
	at org.springframework.aop.framework.ReflectiveMethodInvocation.proceed(ReflectiveMethodInvocation.java:184)
	at org.springframework.aop.framework.CglibAopProxy$DynamicAdvisedInterceptor.intercept(CglibAopProxy.java:728)
	at eus.birt.proyecto.security.controller.AuthController$$SpringCGLIB$$0.registrarUsuario(<generated>)
	at java.base/jdk.internal.reflect.DirectMethodHandleAccessor.invoke(DirectMethodHandleAccessor.java:103)
	at java.base/java.lang.reflect.Method.invoke(Method.java:580)
	at org.springframework.web.method.support.InvocableHandlerMethod.doInvoke(InvocableHandlerMethod.java:258)
	at org.springframework.web.method.support.InvocableHandlerMethod.invokeForRequest(InvocableHandlerMethod.java:191)
	at org.springframework.web.servlet.mvc.method.annotation.ServletInvocableHandlerMethod.invokeAndHandle(ServletInvocableHandlerMethod.java:118)
	at org.springframework.web.servlet.mvc.method.annotation.RequestMappingHandlerAdapter.invokeHandlerMethod(RequestMappingHandlerAdapter.java:991)
	at org.springframework.web.servlet.mvc.method.annotation.RequestMappingHandlerAdapter.handleInternal(RequestMappingHandlerAdapter.java:896)
	at org.springframework.web.servlet.mvc.method.AbstractHandlerMethodAdapter.handle(AbstractHandlerMethodAdapter.java:87)
	at org.springframework.web.servlet.DispatcherServlet.doDispatch(DispatcherServlet.java:1089)
	at org.springframework.web.servlet.DispatcherServlet.doService(DispatcherServlet.java:979)
	at org.springframework.web.servlet.FrameworkServlet.processRequest(FrameworkServlet.java:1014)
	at org.springframework.web.servlet.FrameworkServlet.doPost(FrameworkServlet.java:914)
	at jakarta.servlet.http.HttpServlet.service(HttpServlet.java:590)
	at org.springframework.web.servlet.FrameworkServlet.service(FrameworkServlet.java:885)
	at jakarta.servlet.http.HttpServlet.service(HttpServlet.java:658)
	at org.apache.catalina.core.ApplicationFilterChain.internalDoFilter(ApplicationFilterChain.java:195)
	at org.apache.catalina.core.ApplicationFilterChain.doFilter(ApplicationFilterChain.java:140)
	at org.apache.tomcat.websocket.server.WsFilter.doFilter(WsFilter.java:51)
	at org.apache.catalina.core.ApplicationFilterChain.internalDoFilter(ApplicationFilterChain.java:164)
	at org.apache.catalina.core.ApplicationFilterChain.doFilter(ApplicationFilterChain.java:140)
	at org.springframework.web.filter.CompositeFilter$VirtualFilterChain.doFilter(CompositeFilter.java:108)
	at org.springframework.web.filter.CompositeFilter$VirtualFilterChain.doFilter(CompositeFilter.java:108)
	at org.springframework.security.web.FilterChainProxy.lambda$doFilterInternal$3(FilterChainProxy.java:231)
	at org.springframework.security.web.ObservationFilterChainDecorator$FilterObservation$SimpleFilterObservation.lambda$wrap$1(ObservationFilterChainDecorator.java:490)
	at org.springframework.security.web.ObservationFilterChainDecorator$AroundFilterObservation$SimpleAroundFilterObservation.lambda$wrap$1(ObservationFilterChainDecorator.java:351)
	at org.springframework.security.web.ObservationFilterChainDecorator.lambda$wrapSecured$0(ObservationFilterChainDecorator.java:83)
	at org.springframework.security.web.ObservationFilterChainDecorator$VirtualFilterChain.doFilter(ObservationFilterChainDecorator.java:129)
	at org.springframework.security.web.access.intercept.AuthorizationFilter.doFilter(AuthorizationFilter.java:101)
	at org.springframework.security.web.ObservationFilterChainDecorator$ObservationFilter.wrapFilter(ObservationFilterChainDecorator.java:241)
	at org.springframework.security.web.ObservationFilterChainDecorator$ObservationFilter.doFilter(ObservationFilterChainDecorator.java:228)
	at org.springframework.security.web.ObservationFilterChainDecorator$VirtualFilterChain.doFilter(ObservationFilterChainDecorator.java:138)
	at org.springframework.security.web.access.ExceptionTranslationFilter.doFilter(ExceptionTranslationFilter.java:125)
	at org.springframework.security.web.access.ExceptionTranslationFilter.doFilter(ExceptionTranslationFilter.java:119)
	at org.springframework.security.web.ObservationFilterChainDecorator$ObservationFilter.wrapFilter(ObservationFilterChainDecorator.java:241)
	at org.springframework.security.web.ObservationFilterChainDecorator$ObservationFilter.doFilter(ObservationFilterChainDecorator.java:228)
	at org.springframework.security.web.ObservationFilterChainDecorator$VirtualFilterChain.doFilter(ObservationFilterChainDecorator.java:138)
	at org.springframework.security.web.authentication.AnonymousAuthenticationFilter.doFilter(AnonymousAuthenticationFilter.java:100)
	at org.springframework.security.web.ObservationFilterChainDecorator$ObservationFilter.wrapFilter(ObservationFilterChainDecorator.java:241)
	at org.springframework.security.web.ObservationFilterChainDecorator$ObservationFilter.doFilter(ObservationFilterChainDecorator.java:228)
	at org.springframework.security.web.ObservationFilterChainDecorator$VirtualFilterChain.doFilter(ObservationFilterChainDecorator.java:138)
	at org.springframework.security.web.servletapi.SecurityContextHolderAwareRequestFilter.doFilter(SecurityContextHolderAwareRequestFilter.java:179)
	at org.springframework.security.web.ObservationFilterChainDecorator$ObservationFilter.wrapFilter(ObservationFilterChainDecorator.java:241)
	at org.springframework.security.web.ObservationFilterChainDecorator$ObservationFilter.doFilter(ObservationFilterChainDecorator.java:228)
	at org.springframework.security.web.ObservationFilterChainDecorator$VirtualFilterChain.doFilter(ObservationFilterChainDecorator.java:138)
	at org.springframework.security.web.savedrequest.RequestCacheAwareFilter.doFilter(RequestCacheAwareFilter.java:63)
	at org.springframework.security.web.ObservationFilterChainDecorator$ObservationFilter.wrapFilter(ObservationFilterChainDecorator.java:241)
	at org.springframework.security.web.ObservationFilterChainDecorator$ObservationFilter.doFilter(ObservationFilterChainDecorator.java:228)
	at org.springframework.security.web.ObservationFilterChainDecorator$VirtualFilterChain.doFilter(ObservationFilterChainDecorator.java:138)
	at org.springframework.security.web.authentication.logout.LogoutFilter.doFilter(LogoutFilter.java:107)
	at org.springframework.security.web.authentication.logout.LogoutFilter.doFilter(LogoutFilter.java:93)
	at org.springframework.security.web.ObservationFilterChainDecorator$ObservationFilter.wrapFilter(ObservationFilterChainDecorator.java:241)
	at org.springframework.security.web.ObservationFilterChainDecorator$ObservationFilter.doFilter(ObservationFilterChainDecorator.java:228)
	at org.springframework.security.web.ObservationFilterChainDecorator$VirtualFilterChain.doFilter(ObservationFilterChainDecorator.java:138)
	at org.springframework.security.web.header.HeaderWriterFilter.doHeadersAfter(HeaderWriterFilter.java:90)
	at org.springframework.security.web.header.HeaderWriterFilter.doFilterInternal(HeaderWriterFilter.java:75)
	at org.springframework.web.filter.OncePerRequestFilter.doFilter(OncePerRequestFilter.java:116)
	at org.springframework.security.web.ObservationFilterChainDecorator$ObservationFilter.wrapFilter(ObservationFilterChainDecorator.java:241)
	at org.springframework.security.web.ObservationFilterChainDecorator$ObservationFilter.doFilter(ObservationFilterChainDecorator.java:228)
	at org.springframework.security.web.ObservationFilterChainDecorator$VirtualFilterChain.doFilter(ObservationFilterChainDecorator.java:138)
	at org.springframework.security.web.context.SecurityContextHolderFilter.doFilter(SecurityContextHolderFilter.java:82)
	at org.springframework.security.web.context.SecurityContextHolderFilter.doFilter(SecurityContextHolderFilter.java:69)
	at org.springframework.security.web.ObservationFilterChainDecorator$ObservationFilter.wrapFilter(ObservationFilterChainDecorator.java:241)
	at org.springframework.security.web.ObservationFilterChainDecorator$ObservationFilter.doFilter(ObservationFilterChainDecorator.java:228)
	at org.springframework.security.web.ObservationFilterChainDecorator$VirtualFilterChain.doFilter(ObservationFilterChainDecorator.java:138)
	at org.springframework.security.web.context.request.async.WebAsyncManagerIntegrationFilter.doFilterInternal(WebAsyncManagerIntegrationFilter.java:62)
	at org.springframework.web.filter.OncePerRequestFilter.doFilter(OncePerRequestFilter.java:116)
	at org.springframework.security.web.ObservationFilterChainDecorator$ObservationFilter.wrapFilter(ObservationFilterChainDecorator.java:241)
	at org.springframework.security.web.ObservationFilterChainDecorator$ObservationFilter.doFilter(ObservationFilterChainDecorator.java:228)
	at org.springframework.security.web.ObservationFilterChainDecorator$VirtualFilterChain.doFilter(ObservationFilterChainDecorator.java:138)
	at org.springframework.security.web.session.DisableEncodeUrlFilter.doFilterInternal(DisableEncodeUrlFilter.java:42)
	at org.springframework.web.filter.OncePerRequestFilter.doFilter(OncePerRequestFilter.java:116)
	at org.springframework.security.web.ObservationFilterChainDecorator$ObservationFilter.wrapFilter(ObservationFilterChainDecorator.java:241)
	at org.springframework.security.web.ObservationFilterChainDecorator$AroundFilterObservation$SimpleAroundFilterObservation.lambda$wrap$0(ObservationFilterChainDecorator.java:334)
	at org.springframework.security.web.ObservationFilterChainDecorator$ObservationFilter.doFilter(ObservationFilterChainDecorator.java:225)
	at org.springframework.security.web.ObservationFilterChainDecorator$VirtualFilterChain.doFilter(ObservationFilterChainDecorator.java:138)
	at org.springframework.security.web.FilterChainProxy.doFilterInternal(FilterChainProxy.java:233)
	at org.springframework.security.web.FilterChainProxy.doFilter(FilterChainProxy.java:191)
	at org.springframework.web.filter.CompositeFilter$VirtualFilterChain.doFilter(CompositeFilter.java:113)
	at org.springframework.web.filter.ServletRequestPathFilter.doFilter(ServletRequestPathFilter.java:52)
	at org.springframework.web.filter.CompositeFilter$VirtualFilterChain.doFilter(CompositeFilter.java:113)
	at org.springframework.web.filter.CompositeFilter.doFilter(CompositeFilter.java:74)
	at org.springframework.security.config.annotation.web.configuration.WebSecurityConfiguration$CompositeFilterChainProxy.doFilter(WebSecurityConfiguration.java:319)
	at org.springframework.web.filter.CompositeFilter$VirtualFilterChain.doFilter(CompositeFilter.java:113)
	at org.springframework.web.servlet.handler.HandlerMappingIntrospector.lambda$createCacheFilter$4(HandlerMappingIntrospector.java:267)
	at org.springframework.web.filter.CompositeFilter$VirtualFilterChain.doFilter(CompositeFilter.java:113)
	at org.springframework.web.filter.CompositeFilter.doFilter(CompositeFilter.java:74)
	at org.springframework.security.config.annotation.web.configuration.WebMvcSecurityConfiguration$CompositeFilterChainProxy.doFilter(WebMvcSecurityConfiguration.java:240)
	at org.springframework.web.filter.DelegatingFilterProxy.invokeDelegate(DelegatingFilterProxy.java:362)
	at org.springframework.web.filter.DelegatingFilterProxy.doFilter(DelegatingFilterProxy.java:278)
	at org.apache.catalina.core.ApplicationFilterChain.internalDoFilter(ApplicationFilterChain.java:164)
	at org.apache.catalina.core.ApplicationFilterChain.doFilter(ApplicationFilterChain.java:140)
	at org.springframework.web.filter.RequestContextFilter.doFilterInternal(RequestContextFilter.java:100)
	at org.springframework.web.filter.OncePerRequestFilter.doFilter(OncePerRequestFilter.java:116)
	at org.apache.catalina.core.ApplicationFilterChain.internalDoFilter(ApplicationFilterChain.java:164)
	at org.apache.catalina.core.ApplicationFilterChain.doFilter(ApplicationFilterChain.java:140)
	at org.springframework.web.filter.FormContentFilter.doFilterInternal(FormContentFilter.java:93)
	at org.springframework.web.filter.OncePerRequestFilter.doFilter(OncePerRequestFilter.java:116)
	at org.apache.catalina.core.ApplicationFilterChain.internalDoFilter(ApplicationFilterChain.java:164)
	at org.apache.catalina.core.ApplicationFilterChain.doFilter(ApplicationFilterChain.java:140)
	at org.springframework.web.filter.ServerHttpObservationFilter.doFilterInternal(ServerHttpObservationFilter.java:110)
	at org.springframework.web.filter.OncePerRequestFilter.doFilter(OncePerRequestFilter.java:116)
	at org.apache.catalina.core.ApplicationFilterChain.internalDoFilter(ApplicationFilterChain.java:164)
	at org.apache.catalina.core.ApplicationFilterChain.doFilter(ApplicationFilterChain.java:140)
	at org.springframework.web.filter.CharacterEncodingFilter.doFilterInternal(CharacterEncodingFilter.java:201)
	at org.springframework.web.filter.OncePerRequestFilter.doFilter(OncePerRequestFilter.java:116)
	at org.apache.catalina.core.ApplicationFilterChain.internalDoFilter(ApplicationFilterChain.java:164)
	at org.apache.catalina.core.ApplicationFilterChain.doFilter(ApplicationFilterChain.java:140)
	at org.apache.catalina.core.StandardWrapperValve.invoke(StandardWrapperValve.java:167)
	at org.apache.catalina.core.StandardContextValve.invoke(StandardContextValve.java:90)
	at org.apache.catalina.authenticator.AuthenticatorBase.invoke(AuthenticatorBase.java:483)
	at org.apache.catalina.core.StandardHostValve.invoke(StandardHostValve.java:116)
	at org.apache.catalina.valves.ErrorReportValve.invoke(ErrorReportValve.java:93)
	at org.apache.catalina.core.StandardEngineValve.invoke(StandardEngineValve.java:74)
	at org.apache.catalina.connector.CoyoteAdapter.service(CoyoteAdapter.java:344)
	at org.apache.coyote.http11.Http11Processor.service(Http11Processor.java:398)
	at org.apache.coyote.AbstractProcessorLight.process(AbstractProcessorLight.java:63)
	at org.apache.coyote.AbstractProtocol$ConnectionHandler.process(AbstractProtocol.java:903)
	at org.apache.tomcat.util.net.NioEndpoint$SocketProcessor.doRun(NioEndpoint.java:1776)
	at org.apache.tomcat.util.net.SocketProcessorBase.run(SocketProcessorBase.java:52)
	at org.apache.tomcat.util.threads.ThreadPoolExecutor.runWorker(ThreadPoolExecutor.java:975)
	at org.apache.tomcat.util.threads.ThreadPoolExecutor$Worker.run(ThreadPoolExecutor.java:493)
	at org.apache.tomcat.util.threads.TaskThread$WrappingRunnable.run(TaskThread.java:63)
	at java.base/java.lang.Thread.run(Thread.java:1583)
[32m[2025-10-19 11:52:57,420][INFO][proy01][e.b.p.s.c.AuthController] AUTH - CONTROLLER - REGISTRO[0;39m
[32m[2025-10-19 11:52:57,421][INFO][proy01][e.b.p.s.s.i.UserServiceImpl] AUTH - SERVICE - REGISTRO[0;39m
[32m[2025-10-19 11:53:08,046][INFO][proy01][e.b.p.ProyectoApplication] Starting ProyectoApplication using Java 21.0.8 with PID 263273 (/home/xarrondo/PROYECTOS/proy01-back/target/classes started by xarrondo in /home/xarrondo/PROYECTOS/proy01-back)[0;39m
[32m[2025-10-19 11:53:08,046][INFO][proy01][e.b.p.ProyectoApplication] No active profile set, falling back to 1 default profile: "default"[0;39m
[32m[2025-10-19 11:53:08,501][INFO][proy01][o.s.d.r.c.RepositoryConfigurationDelegate] Bootstrapping Spring Data JPA repositories in DEFAULT mode.[0;39m
[32m[2025-10-19 11:53:08,524][INFO][proy01][o.s.d.r.c.RepositoryConfigurationDelegate] Finished Spring Data repository scanning in 19 ms. Found 2 JPA repository interfaces.[0;39m
[32m[2025-10-19 11:53:08,755][INFO][proy01][o.s.b.w.e.t.TomcatWebServer] Tomcat initialized with port 8080 (http)[0;39m
[32m[2025-10-19 11:53:08,762][INFO][proy01][o.a.c.c.StandardService] Starting service [Tomcat][0;39m
[32m[2025-10-19 11:53:08,762][INFO][proy01][o.a.c.c.StandardEngine] Starting Servlet engine: [Apache Tomcat/10.1.46][0;39m
[32m[2025-10-19 11:53:08,781][INFO][proy01][o.a.c.c.C.[.[.[/]] Initializing Spring embedded WebApplicationContext[0;39m
[32m[2025-10-19 11:53:08,781][INFO][proy01][o.s.b.w.s.c.ServletWebServerApplicationContext] Root WebApplicationContext: initialization completed in 719 ms[0;39m
[32m[2025-10-19 11:53:08,887][INFO][proy01][o.h.j.i.u.LogHelper] HHH000204: Processing PersistenceUnitInfo [name: default][0;39m
[32m[2025-10-19 11:53:08,908][INFO][proy01][o.h.Version] HHH000412: Hibernate ORM core version 6.6.29.Final[0;39m
[32m[2025-10-19 11:53:08,927][INFO][proy01][o.h.c.i.RegionFactoryInitiator] HHH000026: Second-level cache disabled[0;39m
[32m[2025-10-19 11:53:09,041][INFO][proy01][o.s.o.j.p.SpringPersistenceUnitInfo] No LoadTimeWeaver setup: ignoring JPA class transformer[0;39m
[32m[2025-10-19 11:53:09,054][INFO][proy01][c.z.h.HikariDataSource] HikariPool-1 - Starting...[0;39m
[32m[2025-10-19 11:53:09,121][INFO][proy01][c.z.h.p.HikariPool] HikariPool-1 - Added connection org.postgresql.jdbc.PgConnection@3c6fc4cd[0;39m
[32m[2025-10-19 11:53:09,122][INFO][proy01][c.z.h.HikariDataSource] HikariPool-1 - Start completed.[0;39m
[32m[2025-10-19 11:53:09,152][INFO][proy01][o.h.o.c.pooling] HHH10001005: Database info:
	Database JDBC URL [Connecting through datasource 'HikariDataSource (HikariPool-1)']
	Database driver: undefined/unknown
	Database version: 16.10
	Autocommit mode: undefined/unknown
	Isolation level: undefined/unknown
	Minimum pool size: undefined/unknown
	Maximum pool size: undefined/unknown[0;39m
[32m[2025-10-19 11:53:09,535][INFO][proy01][o.h.e.t.j.p.i.JtaPlatformInitiator] HHH000489: No JTA platform available (set 'hibernate.transaction.jta.platform' to enable JTA platform integration)[0;39m
[32m[2025-10-19 11:53:09,536][INFO][proy01][o.s.o.j.LocalContainerEntityManagerFactoryBean] Initialized JPA EntityManagerFactory for persistence unit 'default'[0;39m
[32m[2025-10-19 11:53:09,899][INFO][proy01][o.s.b.a.e.w.EndpointLinksResolver] Exposing 1 endpoint beneath base path '/actuator'[0;39m
[33m[2025-10-19 11:53:09,914][WARN][proy01][o.s.b.a.s.s.UserDetailsServiceAutoConfiguration] 

Using generated security password: 704ff03b-0625-494d-950b-e16e40b2adbc

This generated password is for development use only. Your security configuration must be updated before running your application in production.
[0;39m
[32m[2025-10-19 11:53:09,917][INFO][proy01][o.s.s.c.a.a.c.InitializeUserDetailsBeanManagerConfigurer$InitializeUserDetailsManagerConfigurer] Global AuthenticationManager configured with UserDetailsService bean with name inMemoryUserDetailsManager[0;39m
[32m[2025-10-19 11:53:10,148][INFO][proy01][o.s.b.w.e.t.TomcatWebServer] Tomcat started on port 8080 (http) with context path '/'[0;39m
[32m[2025-10-19 11:53:10,155][INFO][proy01][e.b.p.ProyectoApplication] Started ProyectoApplication in 2.342 seconds (process running for 2.708)[0;39m
[32m[2025-10-19 11:53:10,624][INFO][proy01][o.a.c.c.C.[.[.[/]] Initializing Spring DispatcherServlet 'dispatcherServlet'[0;39m
[32m[2025-10-19 11:53:10,624][INFO][proy01][o.s.w.s.DispatcherServlet] Initializing Servlet 'dispatcherServlet'[0;39m
[32m[2025-10-19 11:53:10,625][INFO][proy01][o.s.w.s.DispatcherServlet] Completed initialization in 1 ms[0;39m
[32m[2025-10-19 11:53:15,518][INFO][proy01][e.b.p.s.c.AuthController] AUTH - CONTROLLER - REGISTRO[0;39m
[32m[2025-10-19 11:53:15,521][INFO][proy01][e.b.p.s.s.i.UserServiceImpl] AUTH - SERVICE - REGISTRO[0;39m
[33m[2025-10-19 11:53:15,609][WARN][proy01][o.h.e.j.s.SqlExceptionHelper] SQL Error: 0, SQLState: 42703[0;39m
[31m[2025-10-19 11:53:15,609][ERROR][proy01][o.h.e.j.s.SqlExceptionHelper] ERROR: column "codex" of relation "codigos_verificacion" does not exist
  Position: 35[0;39m
[31m[2025-10-19 11:53:24,181][ERROR][proy01][e.b.p.a.GlobalExceptionHandler] Error en el path /v1/auth/registro: could not execute statement [ERROR: column "codex" of relation "codigos_verificacion" does not exist
  Position: 35] [insert into codigos_verificacion (codex,create_date,expiration_date,user_id) values (?,?,?,?)]; SQL [insert into codigos_verificacion (codex,create_date,expiration_date,user_id) values (?,?,?,?)][0;39m
org.springframework.dao.InvalidDataAccessResourceUsageException: could not execute statement [ERROR: column "codex" of relation "codigos_verificacion" does not exist
  Position: 35] [insert into codigos_verificacion (codex,create_date,expiration_date,user_id) values (?,?,?,?)]; SQL [insert into codigos_verificacion (codex,create_date,expiration_date,user_id) values (?,?,?,?)]
	at org.springframework.orm.jpa.vendor.HibernateJpaDialect.convertHibernateAccessException(HibernateJpaDialect.java:281)
	at org.springframework.orm.jpa.vendor.HibernateJpaDialect.convertHibernateAccessException(HibernateJpaDialect.java:256)
	at org.springframework.orm.jpa.vendor.HibernateJpaDialect.translateExceptionIfPossible(HibernateJpaDialect.java:241)
	at org.springframework.orm.jpa.AbstractEntityManagerFactoryBean.translateExceptionIfPossible(AbstractEntityManagerFactoryBean.java:560)
	at org.springframework.dao.support.ChainedPersistenceExceptionTranslator.translateExceptionIfPossible(ChainedPersistenceExceptionTranslator.java:61)
	at org.springframework.dao.support.DataAccessUtils.translateIfNecessary(DataAccessUtils.java:343)
	at org.springframework.dao.support.PersistenceExceptionTranslationInterceptor.invoke(PersistenceExceptionTranslationInterceptor.java:160)
	at org.springframework.aop.framework.ReflectiveMethodInvocation.proceed(ReflectiveMethodInvocation.java:184)
	at org.springframework.data.jpa.repository.support.CrudMethodMetadataPostProcessor$CrudMethodMetadataPopulatingMethodInterceptor.invoke(CrudMethodMetadataPostProcessor.java:165)
	at org.springframework.aop.framework.ReflectiveMethodInvocation.proceed(ReflectiveMethodInvocation.java:184)
	at org.springframework.aop.framework.JdkDynamicAopProxy.invoke(JdkDynamicAopProxy.java:223)
	at jdk.proxy2/jdk.proxy2.$Proxy157.save(Unknown Source)
	at eus.birt.proyecto.security.service.impl.UserServiceImpl.registrarUsuario(UserServiceImpl.java:58)
	at java.base/jdk.internal.reflect.DirectMethodHandleAccessor.invoke(DirectMethodHandleAccessor.java:103)
	at java.base/java.lang.reflect.Method.invoke(Method.java:580)
	at org.springframework.aop.support.AopUtils.invokeJoinpointUsingReflection(AopUtils.java:360)
	at org.springframework.aop.framework.ReflectiveMethodInvocation.invokeJoinpoint(ReflectiveMethodInvocation.java:196)
	at org.springframework.aop.framework.ReflectiveMethodInvocation.proceed(ReflectiveMethodInvocation.java:163)
	at org.springframework.transaction.interceptor.TransactionAspectSupport.invokeWithinTransaction(TransactionAspectSupport.java:380)
	at org.springframework.transaction.interceptor.TransactionInterceptor.invoke(TransactionInterceptor.java:119)
	at org.springframework.aop.framework.ReflectiveMethodInvocation.proceed(ReflectiveMethodInvocation.java:184)
	at org.springframework.aop.framework.CglibAopProxy$DynamicAdvisedInterceptor.intercept(CglibAopProxy.java:728)
	at eus.birt.proyecto.security.service.impl.UserServiceImpl$$SpringCGLIB$$0.registrarUsuario(<generated>)
	at eus.birt.proyecto.security.controller.AuthController.registrarUsuario(AuthController.java:40)
	at java.base/jdk.internal.reflect.DirectMethodHandleAccessor.invoke(DirectMethodHandleAccessor.java:103)
	at java.base/java.lang.reflect.Method.invoke(Method.java:580)
	at org.springframework.aop.support.AopUtils.invokeJoinpointUsingReflection(AopUtils.java:360)
	at org.springframework.aop.framework.ReflectiveMethodInvocation.invokeJoinpoint(ReflectiveMethodInvocation.java:196)
	at org.springframework.aop.framework.ReflectiveMethodInvocation.proceed(ReflectiveMethodInvocation.java:163)
	at org.springframework.validation.beanvalidation.MethodValidationInterceptor.invoke(MethodValidationInterceptor.java:174)
	at org.springframework.aop.framework.ReflectiveMethodInvocation.proceed(ReflectiveMethodInvocation.java:184)
	at org.springframework.aop.framework.CglibAopProxy$DynamicAdvisedInterceptor.intercept(CglibAopProxy.java:728)
	at eus.birt.proyecto.security.controller.AuthController$$SpringCGLIB$$0.registrarUsuario(<generated>)
	at java.base/jdk.internal.reflect.DirectMethodHandleAccessor.invoke(DirectMethodHandleAccessor.java:103)
	at java.base/java.lang.reflect.Method.invoke(Method.java:580)
	at org.springframework.web.method.support.InvocableHandlerMethod.doInvoke(InvocableHandlerMethod.java:258)
	at org.springframework.web.method.support.InvocableHandlerMethod.invokeForRequest(InvocableHandlerMethod.java:191)
	at org.springframework.web.servlet.mvc.method.annotation.ServletInvocableHandlerMethod.invokeAndHandle(ServletInvocableHandlerMethod.java:118)
	at org.springframework.web.servlet.mvc.method.annotation.RequestMappingHandlerAdapter.invokeHandlerMethod(RequestMappingHandlerAdapter.java:991)
	at org.springframework.web.servlet.mvc.method.annotation.RequestMappingHandlerAdapter.handleInternal(RequestMappingHandlerAdapter.java:896)
	at org.springframework.web.servlet.mvc.method.AbstractHandlerMethodAdapter.handle(AbstractHandlerMethodAdapter.java:87)
	at org.springframework.web.servlet.DispatcherServlet.doDispatch(DispatcherServlet.java:1089)
	at org.springframework.web.servlet.DispatcherServlet.doService(DispatcherServlet.java:979)
	at org.springframework.web.servlet.FrameworkServlet.processRequest(FrameworkServlet.java:1014)
	at org.springframework.web.servlet.FrameworkServlet.doPost(FrameworkServlet.java:914)
	at jakarta.servlet.http.HttpServlet.service(HttpServlet.java:590)
	at org.springframework.web.servlet.FrameworkServlet.service(FrameworkServlet.java:885)
	at jakarta.servlet.http.HttpServlet.service(HttpServlet.java:658)
	at org.apache.catalina.core.ApplicationFilterChain.internalDoFilter(ApplicationFilterChain.java:195)
	at org.apache.catalina.core.ApplicationFilterChain.doFilter(ApplicationFilterChain.java:140)
	at org.apache.tomcat.websocket.server.WsFilter.doFilter(WsFilter.java:51)
	at org.apache.catalina.core.ApplicationFilterChain.internalDoFilter(ApplicationFilterChain.java:164)
	at org.apache.catalina.core.ApplicationFilterChain.doFilter(ApplicationFilterChain.java:140)
	at org.springframework.web.filter.CompositeFilter$VirtualFilterChain.doFilter(CompositeFilter.java:108)
	at org.springframework.web.filter.CompositeFilter$VirtualFilterChain.doFilter(CompositeFilter.java:108)
	at org.springframework.security.web.FilterChainProxy.lambda$doFilterInternal$3(FilterChainProxy.java:231)
	at org.springframework.security.web.ObservationFilterChainDecorator$FilterObservation$SimpleFilterObservation.lambda$wrap$1(ObservationFilterChainDecorator.java:490)
	at org.springframework.security.web.ObservationFilterChainDecorator$AroundFilterObservation$SimpleAroundFilterObservation.lambda$wrap$1(ObservationFilterChainDecorator.java:351)
	at org.springframework.security.web.ObservationFilterChainDecorator.lambda$wrapSecured$0(ObservationFilterChainDecorator.java:83)
	at org.springframework.security.web.ObservationFilterChainDecorator$VirtualFilterChain.doFilter(ObservationFilterChainDecorator.java:129)
	at org.springframework.security.web.access.intercept.AuthorizationFilter.doFilter(AuthorizationFilter.java:101)
	at org.springframework.security.web.ObservationFilterChainDecorator$ObservationFilter.wrapFilter(ObservationFilterChainDecorator.java:241)
	at org.springframework.security.web.ObservationFilterChainDecorator$ObservationFilter.doFilter(ObservationFilterChainDecorator.java:228)
	at org.springframework.security.web.ObservationFilterChainDecorator$VirtualFilterChain.doFilter(ObservationFilterChainDecorator.java:138)
	at org.springframework.security.web.access.ExceptionTranslationFilter.doFilter(ExceptionTranslationFilter.java:125)
	at org.springframework.security.web.access.ExceptionTranslationFilter.doFilter(ExceptionTranslationFilter.java:119)
	at org.springframework.security.web.ObservationFilterChainDecorator$ObservationFilter.wrapFilter(ObservationFilterChainDecorator.java:241)
	at org.springframework.security.web.ObservationFilterChainDecorator$ObservationFilter.doFilter(ObservationFilterChainDecorator.java:228)
	at org.springframework.security.web.ObservationFilterChainDecorator$VirtualFilterChain.doFilter(ObservationFilterChainDecorator.java:138)
	at org.springframework.security.web.authentication.AnonymousAuthenticationFilter.doFilter(AnonymousAuthenticationFilter.java:100)
	at org.springframework.security.web.ObservationFilterChainDecorator$ObservationFilter.wrapFilter(ObservationFilterChainDecorator.java:241)
	at org.springframework.security.web.ObservationFilterChainDecorator$ObservationFilter.doFilter(ObservationFilterChainDecorator.java:228)
	at org.springframework.security.web.ObservationFilterChainDecorator$VirtualFilterChain.doFilter(ObservationFilterChainDecorator.java:138)
	at org.springframework.security.web.servletapi.SecurityContextHolderAwareRequestFilter.doFilter(SecurityContextHolderAwareRequestFilter.java:179)
	at org.springframework.security.web.ObservationFilterChainDecorator$ObservationFilter.wrapFilter(ObservationFilterChainDecorator.java:241)
	at org.springframework.security.web.ObservationFilterChainDecorator$ObservationFilter.doFilter(ObservationFilterChainDecorator.java:228)
	at org.springframework.security.web.ObservationFilterChainDecorator$VirtualFilterChain.doFilter(ObservationFilterChainDecorator.java:138)
	at org.springframework.security.web.savedrequest.RequestCacheAwareFilter.doFilter(RequestCacheAwareFilter.java:63)
	at org.springframework.security.web.ObservationFilterChainDecorator$ObservationFilter.wrapFilter(ObservationFilterChainDecorator.java:241)
	at org.springframework.security.web.ObservationFilterChainDecorator$ObservationFilter.doFilter(ObservationFilterChainDecorator.java:228)
	at org.springframework.security.web.ObservationFilterChainDecorator$VirtualFilterChain.doFilter(ObservationFilterChainDecorator.java:138)
	at org.springframework.security.web.authentication.logout.LogoutFilter.doFilter(LogoutFilter.java:107)
	at org.springframework.security.web.authentication.logout.LogoutFilter.doFilter(LogoutFilter.java:93)
	at org.springframework.security.web.ObservationFilterChainDecorator$ObservationFilter.wrapFilter(ObservationFilterChainDecorator.java:241)
	at org.springframework.security.web.ObservationFilterChainDecorator$ObservationFilter.doFilter(ObservationFilterChainDecorator.java:228)
	at org.springframework.security.web.ObservationFilterChainDecorator$VirtualFilterChain.doFilter(ObservationFilterChainDecorator.java:138)
	at org.springframework.security.web.header.HeaderWriterFilter.doHeadersAfter(HeaderWriterFilter.java:90)
	at org.springframework.security.web.header.HeaderWriterFilter.doFilterInternal(HeaderWriterFilter.java:75)
	at org.springframework.web.filter.OncePerRequestFilter.doFilter(OncePerRequestFilter.java:116)
	at org.springframework.security.web.ObservationFilterChainDecorator$ObservationFilter.wrapFilter(ObservationFilterChainDecorator.java:241)
	at org.springframework.security.web.ObservationFilterChainDecorator$ObservationFilter.doFilter(ObservationFilterChainDecorator.java:228)
	at org.springframework.security.web.ObservationFilterChainDecorator$VirtualFilterChain.doFilter(ObservationFilterChainDecorator.java:138)
	at org.springframework.security.web.context.SecurityContextHolderFilter.doFilter(SecurityContextHolderFilter.java:82)
	at org.springframework.security.web.context.SecurityContextHolderFilter.doFilter(SecurityContextHolderFilter.java:69)
	at org.springframework.security.web.ObservationFilterChainDecorator$ObservationFilter.wrapFilter(ObservationFilterChainDecorator.java:241)
	at org.springframework.security.web.ObservationFilterChainDecorator$ObservationFilter.doFilter(ObservationFilterChainDecorator.java:228)
	at org.springframework.security.web.ObservationFilterChainDecorator$VirtualFilterChain.doFilter(ObservationFilterChainDecorator.java:138)
	at org.springframework.security.web.context.request.async.WebAsyncManagerIntegrationFilter.doFilterInternal(WebAsyncManagerIntegrationFilter.java:62)
	at org.springframework.web.filter.OncePerRequestFilter.doFilter(OncePerRequestFilter.java:116)
	at org.springframework.security.web.ObservationFilterChainDecorator$ObservationFilter.wrapFilter(ObservationFilterChainDecorator.java:241)
	at org.springframework.security.web.ObservationFilterChainDecorator$ObservationFilter.doFilter(ObservationFilterChainDecorator.java:228)
	at org.springframework.security.web.ObservationFilterChainDecorator$VirtualFilterChain.doFilter(ObservationFilterChainDecorator.java:138)
	at org.springframework.security.web.session.DisableEncodeUrlFilter.doFilterInternal(DisableEncodeUrlFilter.java:42)
	at org.springframework.web.filter.OncePerRequestFilter.doFilter(OncePerRequestFilter.java:116)
	at org.springframework.security.web.ObservationFilterChainDecorator$ObservationFilter.wrapFilter(ObservationFilterChainDecorator.java:241)
	at org.springframework.security.web.ObservationFilterChainDecorator$AroundFilterObservation$SimpleAroundFilterObservation.lambda$wrap$0(ObservationFilterChainDecorator.java:334)
	at org.springframework.security.web.ObservationFilterChainDecorator$ObservationFilter.doFilter(ObservationFilterChainDecorator.java:225)
	at org.springframework.security.web.ObservationFilterChainDecorator$VirtualFilterChain.doFilter(ObservationFilterChainDecorator.java:138)
	at org.springframework.security.web.FilterChainProxy.doFilterInternal(FilterChainProxy.java:233)
	at org.springframework.security.web.FilterChainProxy.doFilter(FilterChainProxy.java:191)
	at org.springframework.web.filter.CompositeFilter$VirtualFilterChain.doFilter(CompositeFilter.java:113)
	at org.springframework.web.filter.ServletRequestPathFilter.doFilter(ServletRequestPathFilter.java:52)
	at org.springframework.web.filter.CompositeFilter$VirtualFilterChain.doFilter(CompositeFilter.java:113)
	at org.springframework.web.filter.CompositeFilter.doFilter(CompositeFilter.java:74)
	at org.springframework.security.config.annotation.web.configuration.WebSecurityConfiguration$CompositeFilterChainProxy.doFilter(WebSecurityConfiguration.java:319)
	at org.springframework.web.filter.CompositeFilter$VirtualFilterChain.doFilter(CompositeFilter.java:113)
	at org.springframework.web.servlet.handler.HandlerMappingIntrospector.lambda$createCacheFilter$4(HandlerMappingIntrospector.java:267)
	at org.springframework.web.filter.CompositeFilter$VirtualFilterChain.doFilter(CompositeFilter.java:113)
	at org.springframework.web.filter.CompositeFilter.doFilter(CompositeFilter.java:74)
	at org.springframework.security.config.annotation.web.configuration.WebMvcSecurityConfiguration$CompositeFilterChainProxy.doFilter(WebMvcSecurityConfiguration.java:240)
	at org.springframework.web.filter.DelegatingFilterProxy.invokeDelegate(DelegatingFilterProxy.java:362)
	at org.springframework.web.filter.DelegatingFilterProxy.doFilter(DelegatingFilterProxy.java:278)
	at org.apache.catalina.core.ApplicationFilterChain.internalDoFilter(ApplicationFilterChain.java:164)
	at org.apache.catalina.core.ApplicationFilterChain.doFilter(ApplicationFilterChain.java:140)
	at org.springframework.web.filter.RequestContextFilter.doFilterInternal(RequestContextFilter.java:100)
	at org.springframework.web.filter.OncePerRequestFilter.doFilter(OncePerRequestFilter.java:116)
	at org.apache.catalina.core.ApplicationFilterChain.internalDoFilter(ApplicationFilterChain.java:164)
	at org.apache.catalina.core.ApplicationFilterChain.doFilter(ApplicationFilterChain.java:140)
	at org.springframework.web.filter.FormContentFilter.doFilterInternal(FormContentFilter.java:93)
	at org.springframework.web.filter.OncePerRequestFilter.doFilter(OncePerRequestFilter.java:116)
	at org.apache.catalina.core.ApplicationFilterChain.internalDoFilter(ApplicationFilterChain.java:164)
	at org.apache.catalina.core.ApplicationFilterChain.doFilter(ApplicationFilterChain.java:140)
	at org.springframework.web.filter.ServerHttpObservationFilter.doFilterInternal(ServerHttpObservationFilter.java:110)
	at org.springframework.web.filter.OncePerRequestFilter.doFilter(OncePerRequestFilter.java:116)
	at org.apache.catalina.core.ApplicationFilterChain.internalDoFilter(ApplicationFilterChain.java:164)
	at org.apache.catalina.core.ApplicationFilterChain.doFilter(ApplicationFilterChain.java:140)
	at org.springframework.web.filter.CharacterEncodingFilter.doFilterInternal(CharacterEncodingFilter.java:201)
	at org.springframework.web.filter.OncePerRequestFilter.doFilter(OncePerRequestFilter.java:116)
	at org.apache.catalina.core.ApplicationFilterChain.internalDoFilter(ApplicationFilterChain.java:164)
	at org.apache.catalina.core.ApplicationFilterChain.doFilter(ApplicationFilterChain.java:140)
	at org.apache.catalina.core.StandardWrapperValve.invoke(StandardWrapperValve.java:167)
	at org.apache.catalina.core.StandardContextValve.invoke(StandardContextValve.java:90)
	at org.apache.catalina.authenticator.AuthenticatorBase.invoke(AuthenticatorBase.java:483)
	at org.apache.catalina.core.StandardHostValve.invoke(StandardHostValve.java:116)
	at org.apache.catalina.valves.ErrorReportValve.invoke(ErrorReportValve.java:93)
	at org.apache.catalina.core.StandardEngineValve.invoke(StandardEngineValve.java:74)
	at org.apache.catalina.connector.CoyoteAdapter.service(CoyoteAdapter.java:344)
	at org.apache.coyote.http11.Http11Processor.service(Http11Processor.java:398)
	at org.apache.coyote.AbstractProcessorLight.process(AbstractProcessorLight.java:63)
	at org.apache.coyote.AbstractProtocol$ConnectionHandler.process(AbstractProtocol.java:903)
	at org.apache.tomcat.util.net.NioEndpoint$SocketProcessor.doRun(NioEndpoint.java:1776)
	at org.apache.tomcat.util.net.SocketProcessorBase.run(SocketProcessorBase.java:52)
	at org.apache.tomcat.util.threads.ThreadPoolExecutor.runWorker(ThreadPoolExecutor.java:975)
	at org.apache.tomcat.util.threads.ThreadPoolExecutor$Worker.run(ThreadPoolExecutor.java:493)
	at org.apache.tomcat.util.threads.TaskThread$WrappingRunnable.run(TaskThread.java:63)
	at java.base/java.lang.Thread.run(Thread.java:1583)
Caused by: org.hibernate.exception.SQLGrammarException: could not execute statement [ERROR: column "codex" of relation "codigos_verificacion" does not exist
  Position: 35] [insert into codigos_verificacion (codex,create_date,expiration_date,user_id) values (?,?,?,?)]
	at org.hibernate.exception.internal.SQLStateConversionDelegate.convert(SQLStateConversionDelegate.java:91)
	at org.hibernate.exception.internal.StandardSQLExceptionConverter.convert(StandardSQLExceptionConverter.java:58)
	at org.hibernate.engine.jdbc.spi.SqlExceptionHelper.convert(SqlExceptionHelper.java:108)
	at org.hibernate.engine.jdbc.internal.ResultSetReturnImpl.executeUpdate(ResultSetReturnImpl.java:197)
	at org.hibernate.id.insert.GetGeneratedKeysDelegate.performMutation(GetGeneratedKeysDelegate.java:116)
	at org.hibernate.engine.jdbc.mutation.internal.MutationExecutorSingleNonBatched.performNonBatchedOperations(MutationExecutorSingleNonBatched.java:47)
	at org.hibernate.engine.jdbc.mutation.internal.AbstractMutationExecutor.execute(AbstractMutationExecutor.java:55)
	at org.hibernate.persister.entity.mutation.InsertCoordinatorStandard.doStaticInserts(InsertCoordinatorStandard.java:194)
	at org.hibernate.persister.entity.mutation.InsertCoordinatorStandard.coordinateInsert(InsertCoordinatorStandard.java:132)
	at org.hibernate.persister.entity.mutation.InsertCoordinatorStandard.insert(InsertCoordinatorStandard.java:95)
	at org.hibernate.action.internal.EntityIdentityInsertAction.execute(EntityIdentityInsertAction.java:85)
	at org.hibernate.engine.spi.ActionQueue.execute(ActionQueue.java:682)
	at org.hibernate.engine.spi.ActionQueue.addResolvedEntityInsertAction(ActionQueue.java:293)
	at org.hibernate.engine.spi.ActionQueue.addInsertAction(ActionQueue.java:274)
	at org.hibernate.engine.spi.ActionQueue.addAction(ActionQueue.java:324)
	at org.hibernate.event.internal.AbstractSaveEventListener.addInsertAction(AbstractSaveEventListener.java:394)
	at org.hibernate.event.internal.AbstractSaveEventListener.performSaveOrReplicate(AbstractSaveEventListener.java:308)
	at org.hibernate.event.internal.AbstractSaveEventListener.performSave(AbstractSaveEventListener.java:224)
	at org.hibernate.event.internal.AbstractSaveEventListener.saveWithGeneratedId(AbstractSaveEventListener.java:136)
	at org.hibernate.event.internal.DefaultPersistEventListener.entityIsTransient(DefaultPersistEventListener.java:177)
	at org.hibernate.event.internal.DefaultPersistEventListener.persist(DefaultPersistEventListener.java:95)
	at org.hibernate.event.internal.DefaultPersistEventListener.onPersist(DefaultPersistEventListener.java:79)
	at org.hibernate.event.internal.DefaultPersistEventListener.onPersist(DefaultPersistEventListener.java:55)
	at org.hibernate.event.service.internal.EventListenerGroupImpl.fireEventOnEachListener(EventListenerGroupImpl.java:127)
	at org.hibernate.internal.SessionImpl.firePersist(SessionImpl.java:761)
	at org.hibernate.internal.SessionImpl.persist(SessionImpl.java:745)
	at java.base/jdk.internal.reflect.DirectMethodHandleAccessor.invoke(DirectMethodHandleAccessor.java:103)
	at java.base/java.lang.reflect.Method.invoke(Method.java:580)
	at org.springframework.orm.jpa.SharedEntityManagerCreator$SharedEntityManagerInvocationHandler.invoke(SharedEntityManagerCreator.java:320)
	at jdk.proxy2/jdk.proxy2.$Proxy150.persist(Unknown Source)
	at org.springframework.data.jpa.repository.support.SimpleJpaRepository.save(SimpleJpaRepository.java:654)
	at java.base/jdk.internal.reflect.DirectMethodHandleAccessor.invoke(DirectMethodHandleAccessor.java:103)
	at java.base/java.lang.reflect.Method.invoke(Method.java:580)
	at org.springframework.aop.support.AopUtils.invokeJoinpointUsingReflection(AopUtils.java:360)
	at org.springframework.data.repository.core.support.RepositoryMethodInvoker$RepositoryFragmentMethodInvoker.lambda$new$0(RepositoryMethodInvoker.java:277)
	at org.springframework.data.repository.core.support.RepositoryMethodInvoker.doInvoke(RepositoryMethodInvoker.java:170)
	at org.springframework.data.repository.core.support.RepositoryMethodInvoker.invoke(RepositoryMethodInvoker.java:158)
	at org.springframework.data.repository.core.support.RepositoryComposition$RepositoryFragments.invoke(RepositoryComposition.java:515)
	at org.springframework.data.repository.core.support.RepositoryComposition.invoke(RepositoryComposition.java:284)
	at org.springframework.data.repository.core.support.RepositoryFactorySupport$ImplementationMethodExecutionInterceptor.invoke(RepositoryFactorySupport.java:734)
	at org.springframework.aop.framework.ReflectiveMethodInvocation.proceed(ReflectiveMethodInvocation.java:184)
	at org.springframework.data.repository.core.support.QueryExecutorMethodInterceptor.doInvoke(QueryExecutorMethodInterceptor.java:174)
	at org.springframework.data.repository.core.support.QueryExecutorMethodInterceptor.invoke(QueryExecutorMethodInterceptor.java:149)
	at org.springframework.aop.framework.ReflectiveMethodInvocation.proceed(ReflectiveMethodInvocation.java:184)
	at org.springframework.data.projection.DefaultMethodInvokingMethodInterceptor.invoke(DefaultMethodInvokingMethodInterceptor.java:69)
	at org.springframework.aop.framework.ReflectiveMethodInvocation.proceed(ReflectiveMethodInvocation.java:184)
	at org.springframework.transaction.interceptor.TransactionAspectSupport.invokeWithinTransaction(TransactionAspectSupport.java:380)
	at org.springframework.transaction.interceptor.TransactionInterceptor.invoke(TransactionInterceptor.java:119)
	at org.springframework.aop.framework.ReflectiveMethodInvocation.proceed(ReflectiveMethodInvocation.java:184)
	at org.springframework.dao.support.PersistenceExceptionTranslationInterceptor.invoke(PersistenceExceptionTranslationInterceptor.java:138)
	... 149 common frames omitted
Caused by: org.postgresql.util.PSQLException: ERROR: column "codex" of relation "codigos_verificacion" does not exist
  Position: 35
	at org.postgresql.core.v3.QueryExecutorImpl.receiveErrorResponse(QueryExecutorImpl.java:2734)
	at org.postgresql.core.v3.QueryExecutorImpl.processResults(QueryExecutorImpl.java:2421)
	at org.postgresql.core.v3.QueryExecutorImpl.execute(QueryExecutorImpl.java:372)
	at org.postgresql.jdbc.PgStatement.executeInternal(PgStatement.java:518)
	at org.postgresql.jdbc.PgStatement.execute(PgStatement.java:435)
	at org.postgresql.jdbc.PgPreparedStatement.executeWithFlags(PgPreparedStatement.java:196)
	at org.postgresql.jdbc.PgPreparedStatement.executeUpdate(PgPreparedStatement.java:157)
	at com.zaxxer.hikari.pool.ProxyPreparedStatement.executeUpdate(ProxyPreparedStatement.java:61)
	at com.zaxxer.hikari.pool.HikariProxyPreparedStatement.executeUpdate(HikariProxyPreparedStatement.java)
	at org.hibernate.engine.jdbc.internal.ResultSetReturnImpl.executeUpdate(ResultSetReturnImpl.java:194)
	... 195 common frames omitted
[32m[2025-10-19 11:53:38,240][INFO][proy01][o.s.b.a.SpringApplicationAdminMXBeanRegistrar$SpringApplicationAdmin] Application shutdown requested.[0;39m
[32m[2025-10-19 11:53:38,242][INFO][proy01][o.s.b.w.e.t.GracefulShutdown] Commencing graceful shutdown. Waiting for active requests to complete[0;39m
[32m[2025-10-19 11:53:38,243][INFO][proy01][o.s.b.w.e.t.GracefulShutdown] Graceful shutdown complete[0;39m
[32m[2025-10-19 11:53:38,247][INFO][proy01][o.s.o.j.LocalContainerEntityManagerFactoryBean] Closing JPA EntityManagerFactory for persistence unit 'default'[0;39m
[32m[2025-10-19 11:53:38,248][INFO][proy01][c.z.h.HikariDataSource] HikariPool-1 - Shutdown initiated...[0;39m
[32m[2025-10-19 11:53:38,249][INFO][proy01][c.z.h.HikariDataSource] HikariPool-1 - Shutdown completed.[0;39m
[32m[2025-10-19 11:53:39,504][INFO][proy01][e.b.p.ProyectoApplication] Starting ProyectoApplication using Java 21.0.8 with PID 263473 (/home/xarrondo/PROYECTOS/proy01-back/target/classes started by xarrondo in /home/xarrondo/PROYECTOS/proy01-back)[0;39m
[32m[2025-10-19 11:53:39,505][INFO][proy01][e.b.p.ProyectoApplication] No active profile set, falling back to 1 default profile: "default"[0;39m
[32m[2025-10-19 11:53:39,954][INFO][proy01][o.s.d.r.c.RepositoryConfigurationDelegate] Bootstrapping Spring Data JPA repositories in DEFAULT mode.[0;39m
[32m[2025-10-19 11:53:39,977][INFO][proy01][o.s.d.r.c.RepositoryConfigurationDelegate] Finished Spring Data repository scanning in 19 ms. Found 2 JPA repository interfaces.[0;39m
[32m[2025-10-19 11:53:40,201][INFO][proy01][o.s.b.w.e.t.TomcatWebServer] Tomcat initialized with port 8080 (http)[0;39m
[32m[2025-10-19 11:53:40,208][INFO][proy01][o.a.c.c.StandardService] Starting service [Tomcat][0;39m
[32m[2025-10-19 11:53:40,208][INFO][proy01][o.a.c.c.StandardEngine] Starting Servlet engine: [Apache Tomcat/10.1.46][0;39m
[32m[2025-10-19 11:53:40,227][INFO][proy01][o.a.c.c.C.[.[.[/]] Initializing Spring embedded WebApplicationContext[0;39m
[32m[2025-10-19 11:53:40,228][INFO][proy01][o.s.b.w.s.c.ServletWebServerApplicationContext] Root WebApplicationContext: initialization completed in 704 ms[0;39m
[32m[2025-10-19 11:53:40,332][INFO][proy01][o.h.j.i.u.LogHelper] HHH000204: Processing PersistenceUnitInfo [name: default][0;39m
[32m[2025-10-19 11:53:40,352][INFO][proy01][o.h.Version] HHH000412: Hibernate ORM core version 6.6.29.Final[0;39m
[32m[2025-10-19 11:53:40,366][INFO][proy01][o.h.c.i.RegionFactoryInitiator] HHH000026: Second-level cache disabled[0;39m
[32m[2025-10-19 11:53:40,483][INFO][proy01][o.s.o.j.p.SpringPersistenceUnitInfo] No LoadTimeWeaver setup: ignoring JPA class transformer[0;39m
[32m[2025-10-19 11:53:40,497][INFO][proy01][c.z.h.HikariDataSource] HikariPool-1 - Starting...[0;39m
[32m[2025-10-19 11:53:40,559][INFO][proy01][c.z.h.p.HikariPool] HikariPool-1 - Added connection org.postgresql.jdbc.PgConnection@4b762988[0;39m
[32m[2025-10-19 11:53:40,560][INFO][proy01][c.z.h.HikariDataSource] HikariPool-1 - Start completed.[0;39m
[32m[2025-10-19 11:53:40,593][INFO][proy01][o.h.o.c.pooling] HHH10001005: Database info:
	Database JDBC URL [Connecting through datasource 'HikariDataSource (HikariPool-1)']
	Database driver: undefined/unknown
	Database version: 16.10
	Autocommit mode: undefined/unknown
	Isolation level: undefined/unknown
	Minimum pool size: undefined/unknown
	Maximum pool size: undefined/unknown[0;39m
[32m[2025-10-19 11:53:40,958][INFO][proy01][o.h.e.t.j.p.i.JtaPlatformInitiator] HHH000489: No JTA platform available (set 'hibernate.transaction.jta.platform' to enable JTA platform integration)[0;39m
[32m[2025-10-19 11:53:40,959][INFO][proy01][o.s.o.j.LocalContainerEntityManagerFactoryBean] Initialized JPA EntityManagerFactory for persistence unit 'default'[0;39m
[32m[2025-10-19 11:53:41,297][INFO][proy01][o.s.b.a.e.w.EndpointLinksResolver] Exposing 1 endpoint beneath base path '/actuator'[0;39m
[33m[2025-10-19 11:53:41,316][WARN][proy01][o.s.b.a.s.s.UserDetailsServiceAutoConfiguration] 

Using generated security password: a69bb75f-33e8-4765-96f7-c1ff6623851b

This generated password is for development use only. Your security configuration must be updated before running your application in production.
[0;39m
[32m[2025-10-19 11:53:41,319][INFO][proy01][o.s.s.c.a.a.c.InitializeUserDetailsBeanManagerConfigurer$InitializeUserDetailsManagerConfigurer] Global AuthenticationManager configured with UserDetailsService bean with name inMemoryUserDetailsManager[0;39m
[32m[2025-10-19 11:53:41,539][INFO][proy01][o.s.b.w.e.t.TomcatWebServer] Tomcat started on port 8080 (http) with context path '/'[0;39m
[32m[2025-10-19 11:53:41,546][INFO][proy01][e.b.p.ProyectoApplication] Started ProyectoApplication in 2.266 seconds (process running for 2.629)[0;39m
[32m[2025-10-19 11:53:42,114][INFO][proy01][o.a.c.c.C.[.[.[/]] Initializing Spring DispatcherServlet 'dispatcherServlet'[0;39m
[32m[2025-10-19 11:53:42,114][INFO][proy01][o.s.w.s.DispatcherServlet] Initializing Servlet 'dispatcherServlet'[0;39m
[32m[2025-10-19 11:53:42,115][INFO][proy01][o.s.w.s.DispatcherServlet] Completed initialization in 1 ms[0;39m
[32m[2025-10-19 11:53:44,276][INFO][proy01][e.b.p.s.c.AuthController] AUTH - CONTROLLER - REGISTRO[0;39m
[32m[2025-10-19 11:53:44,279][INFO][proy01][e.b.p.s.s.i.UserServiceImpl] AUTH - SERVICE - REGISTRO[0;39m
